date,open,high,low,close,volume
2023-07-31 00:00:00,29280.41,29526.99,29258.41,29380.47,1704.68414176
2023-07-31 06:00:00,29380.47,29444.81,29325.67,29400.27,965.27768778
2023-07-31 12:00:00,29400.27,29469.84,29143.97,29211.9,3287.13452839
2023-07-31 18:00:00,29212.47,29294.58,29102.65,29230.67,2836.74251362
2023-08-01 00:00:00,29230.61,29344.2,28477,28911.96,4358.24769593
2023-08-01 06:00:00,28909.16,28986.63,28842.81,28844.17,1817.03187469
2023-08-01 12:00:00,28845.92,29033.15,28552.42,28931.03,5038.73337749
2023-08-01 18:00:00,28931.03,29726.73,28931.03,29697.27,6537.29818285
2023-08-02 00:00:00,29699.25,30033,29565.41,29631.04,4909.39246322
2023-08-02 06:00:00,29631.31,29670.51,29361.45,29552.73,2319.70922429
2023-08-02 12:00:00,29551.89,29593.63,28903.79,29125.53,6258.873337
2023-08-02 18:00:00,29126.83,29215.38,29017.95,29164.22,4479.37297114
2023-08-03 00:00:00,29163.87,29253.85,29061.88,29123.68,1530.03391404
2023-08-03 06:00:00,29124.4,29170.77,28938.93,29112.34,1516.60266876
2023-08-03 12:00:00,29112.34,29399.97,29046.8,29205.87,3661.05461014
2023-08-03 18:00:00,29205.87,29338.98,29120.18,29174.18,2212.32358422
2023-08-04 00:00:00,29174.84,29232.5,29083.19,29208.94,979.94071905
2023-08-04 06:00:00,29209.12,29231.73,29105.91,29136.67,1195.31869133
2023-08-04 12:00:00,29136.67,29312.28,29097.61,29184.08,2516.15560553
2023-08-04 18:00:00,29184.08,29184.08,28747.1,29076.48,2599.73186111
2023-08-05 00:00:00,29077.04,29111.87,28991.95,29051.65,819.87744918
2023-08-05 06:00:00,29051.14,29054.02,29000.52,29014.93,270.63660649
2023-08-05 12:00:00,29014.93,29055.61,28946.17,29032.4,831.67472859
2023-08-05 18:00:00,29032.4,29071.33,29024.02,29047.12,568.65832043
2023-08-06 00:00:00,29047.33,29073.33,29010.02,29070.84,379.03807855
2023-08-06 06:00:00,29070.84,29108.47,29007.65,29038.85,397.60116553
2023-08-06 12:00:00,29038.85,29062.33,28955,29052.44,612.18823114
2023-08-06 18:00:00,29052.44,29163.24,28995.98,29040.01,1072.81264551
2023-08-07 00:00:00,29040.01,29183.13,28972.36,29076.5,1059.0640162
2023-08-07 06:00:00,29076.5,29098.77,28989,29037.2,818.55285124
2023-08-07 12:00:00,29037.2,29086.52,28660.53,28937.63,4685.99290104
2023-08-07 18:00:00,28937.63,29246,28933.12,29179.21,2636.47546469
2023-08-08 00:00:00,29179.28,29290,29104.65,29207.66,1337.38343942
2023-08-08 06:00:00,29207.66,29411.06,29132.86,29408.83,1590.08157684
2023-08-08 12:00:00,29408.83,29847.65,29324.24,29803.97,7176.85966542
2023-08-08 18:00:00,29804.86,30222,29680.66,29770.01,5505.93023126
2023-08-09 00:00:00,29770.01,29882.81,29643,29728.31,1625.79782468
2023-08-09 06:00:00,29727.86,29896.99,29658.17,29878.95,1306.01075136
2023-08-09 12:00:00,29878.95,30128.88,29416.74,29488.4,5121.26161632
2023-08-09 18:00:00,29488.19,29606.6,29344.16,29562.76,2398.38148275
2023-08-10 00:00:00,29562.76,29643.4,29481.79,29559.8,1316.54943787
2023-08-10 06:00:00,29559.79,29582.72,29441.01,29474.01,889.73667763
2023-08-10 12:00:00,29474.01,29709.38,29306,29382.61,2812.95167882
2023-08-10 18:00:00,29382.6,29452.75,29344.02,29424.03,2085.31842781
2023-08-11 00:00:00,29424.04,29469.84,29319.4,29417.75,867.56911397
2023-08-11 06:00:00,29417.74,29444.46,29309.11,29409.75,1231.82074413
2023-08-11 12:00:00,29409.74,29534.14,29213.59,29299.98,2894.95856175
2023-08-11 18:00:00,29301.04,29415.84,29292.14,29400.45,966.86902706
2023-08-12 00:00:00,29400.45,29438.04,29349.98,29377.11,444.51228336
2023-08-12 06:00:00,29377.11,29422.68,29356.43,29406.9,226.67897108
2023-08-12 12:00:00,29406.95,29477.31,29387.97,29420.13,829.42138461
2023-08-12 18:00:00,29420.12,29424.32,29382.8,29416.96,405.55815955
2023-08-13 00:00:00,29417.19,29439.76,29350,29367.85,364.87301492
2023-08-13 06:00:00,29367.84,29393.88,29350.94,29366.88,276.08715219
2023-08-13 12:00:00,29366.87,29396.18,29308.13,29375.07,581.47160359
2023-08-13 18:00:00,29376.97,29447.6,29247.15,29275.94,905.94260627
2023-08-14 00:00:00,29275.78,29418.98,29072.96,29410.73,1618.14860841
2023-08-14 06:00:00,29410.74,29456.07,29344.03,29372.73,709.79753358
2023-08-14 12:00:00,29372.72,29665.27,29288.63,29453.4,2977.01954283
2023-08-14 18:00:00,29453.39,29459.33,29227.79,29405.49,1758.50237863
2023-08-15 00:00:00,29405.49,29428.95,29320.63,29331.35,569.14353297
2023-08-15 06:00:00,29331.35,29413.61,29308.1,29322.7,714.60741848
2023-08-15 12:00:00,29322.71,29464.62,29220.71,29303.92,2103.59875869
2023-08-15 18:00:00,29300.82,29319.5,29046.58,29170.14,2427.97255164
2023-08-16 00:00:00,29170.13,29231.92,29100,29106.71,1072.63331449
2023-08-16 06:00:00,29106.71,29183.1,29062,29126.44,1056.45810995
2023-08-16 12:00:00,29126.43,29178.5,28917.69,29137.73,3271.49840865
2023-08-16 18:00:00,29137.77,29206.69,28690.37,28700.51,4268.83552632
2023-08-17 00:00:00,28700.51,28751.84,28316.37,28644.64,3607.39918161
2023-08-17 06:00:00,28645.85,28660.85,28445.95,28505.67,1709.29372886
2023-08-17 12:00:00,28505.68,28537.38,27671.36,27943.33,10712.12476154
2023-08-17 18:00:00,27943.2,27994.43,25234.76,26627.57,11694.39319909
2023-08-18 00:00:00,26627.21,26834.37,26156.94,26437.35,4586.47586249
2023-08-18 06:00:00,26438.14,26608.53,26369.29,26479.15,3414.02713376
2023-08-18 12:00:00,26479.15,26490.24,25610,25992.55,8116.22870085
2023-08-18 18:00:00,25992.55,26298.08,25901.78,26048.89,5073.39871809
2023-08-19 00:00:00,26048.9,26146.3,25867.11,25877.72,1833.41483116
2023-08-19 06:00:00,25876.67,25991.83,25793.11,25895.66,1174.90380218
2023-08-19 12:00:00,25895.81,26269.11,25866.01,26086.83,2314.68639921
2023-08-19 18:00:00,26086.82,26159.27,26024.43,26096.42,1231.04841504
2023-08-20 00:00:00,26096.4,26203.79,26041.25,26087.14,875.25562723
2023-08-20 06:00:00,26087.13,26198.54,26043.01,26175.49,726.66727726
2023-08-20 12:00:00,26174.94,26217.96,25975.01,26125.54,1331.64564833
2023-08-20 18:00:00,26125.53,26296.78,26106.77,26189.14,1411.50373392
2023-08-21 00:00:00,26189.36,26198.69,26039.1,26097.79,1126.90710566
2023-08-21 06:00:00,26099.02,26117.24,25874.6,26023.27,1719.952632
2023-08-21 12:00:00,26023.27,26196.67,25814,26048.65,4678.95059381
2023-08-21 18:00:00,26048.65,26260.25,26020.01,26125.18,2411.17077876
2023-08-22 00:00:00,26125.16,26137.99,25992.01,26033.49,1121.98564273
2023-08-22 06:00:00,26033.5,26110.7,26018.83,26044.76,851.91779491
2023-08-22 12:00:00,26043.45,26092.16,25718.77,25823.4,5049.87624466
2023-08-22 18:00:00,25823.39,26055.69,25350,26042.11,5395.09321093
2023-08-23 00:00:00,26041.94,26180.54,25965.71,26029.37,1666.32490232
2023-08-23 06:00:00,26029.18,26178.62,25893.01,25927.17,2036.20881411
2023-08-23 12:00:00,25923.39,26605.93,25796.47,26540.78,6154.82556848
2023-08-23 18:00:00,26540.77,26818.28,26209.26,26427.54,5886.50508717
2023-08-24 00:00:00,26427.73,26537.49,26342.26,26423.02,1029.66907989
2023-08-24 06:00:00,26421.35,26567.38,26381.52,26434.05,1654.2638539
2023-08-24 12:00:00,26433.28,26433.76,25850,26041.09,4522.30484369
2023-08-24 18:00:00,26041.09,26195.54,25922.22,26163.49,2796.10215229
2023-08-25 00:00:00,26163.49,26178.45,26001.35,26050.53,958.08255176
2023-08-25 06:00:00,26050.53,26118.53,25952.77,26087.62,1259.25008661
2023-08-25 12:00:00,26087.61,26294.53,25750,25877.36,7482.46205001
2023-08-25 18:00:00,25876.73,26080.01,25853.81,26049.39,1226.54304865
2023-08-26 00:00:00,26049.4,26115.44,26021.47,26050.6,481.63975551
2023-08-26 06:00:00,26050.59,26074.16,25989.51,26033.45,336.35835672
2023-08-26 12:00:00,26033.44,26066.13,25971.44,26020.8,612.23063064
2023-08-26 18:00:00,26020.79,26039.96,25983.07,26009.61,431.92146721
2023-08-27 00:00:00,26009.62,26037.59,25961.81,26028.11,328.61159165
2023-08-27 06:00:00,26028.11,26084.87,26015.87,26051.15,371.28505283
2023-08-27 12:00:00,26051.15,26171.87,26039.97,26059.34,624.31867701
2023-08-27 18:00:00,26059.33,26155.5,26028.98,26091.16,745.63298984
2023-08-28 00:00:00,26091.16,26095.93,25862.38,25953.54,1092.30273044
2023-08-28 06:00:00,25953.54,25988.37,25850,25985.92,994.8017636
2023-08-28 12:00:00,25985.92,26232.88,25975.03,26131.23,1952.14648871
2023-08-28 18:00:00,26131.22,26160.1,25906.17,26101.04,1421.16940118
2023-08-29 00:00:00,26101.03,26187.7,26017.91,26040.97,927.98679143
2023-08-29 06:00:00,26040.97,26044.58,25903.18,25960.57,839.49787981
2023-08-29 12:00:00,25960.56,28184.89,25946.67,27888.72,15450.98012265
2023-08-29 18:00:00,27883.91,28026.28,27535.78,27717.98,4183.63623408
2023-08-30 00:00:00,27717.15,27775,27289.92,27465.16,2480.21955075
2023-08-30 06:00:00,27465.15,27496.99,27305.05,27340.29,1263.12928997
2023-08-30 12:00:00,27340.28,27465.37,27015.75,27165.51,4152.89333012
2023-08-30 18:00:00,27163.23,27337.02,27098.67,27306.06,1897.71462394
2023-08-31 00:00:00,27306.06,27308.95,27176.1,27242.37,830.14528995
2023-08-31 06:00:00,27242.36,27576.99,27186.37,27305.93,1368.75946867
2023-08-31 12:00:00,27304.34,27318.79,26129.46,26325.99,7284.21317526
2023-08-31 18:00:00,26325.95,26385.62,25660.61,25932.45,4978.90944737
2023-09-01 00:00:00,25931.51,26088.77,25918.12,26016.37,1341.66061468
2023-09-01 06:00:00,26016.36,26060.81,25947.79,26035,1018.17682861
2023-09-01 12:00:00,26035.01,26142.28,25307.37,25445.05,9029.93502558
2023-09-01 18:00:00,25445.05,25911.76,25410.58,25794.88,3605.95363236
2023-09-02 00:00:00,25795.61,25838.39,25707.3,25809.42,1210.2417702
2023-09-02 06:00:00,25809.41,25858.38,25767.84,25806.96,730.25309424
2023-09-02 12:00:00,25808.03,25982.48,25785.23,25813.48,1264.81280629
2023-09-02 18:00:00,25813.47,25904.24,25761.38,25867.83,605.4666203
2023-09-03 00:00:00,25867.82,25908.38,25823.66,25897.54,499.63902019
2023-09-03 06:00:00,25897.54,25951.97,25873.06,25939.78,420.72397941
2023-09-03 12:00:00,25939.78,26088.88,25792.29,25885.68,1292.29391534
2023-09-03 18:00:00,25885.37,26123,25876.78,25969.83,1221.86265196
2023-09-04 00:00:00,25969.83,26093.07,25872.01,25929.1,745.50096216
2023-09-04 06:00:00,25928.5,26002.39,25860.01,25880.04,978.63083213
2023-09-04 12:00:00,25880.03,25956.54,25714.95,25897.59,1472.53348607
2023-09-04 18:00:00,25898.01,25939.75,25627,25816.13,1439.15018514
2023-09-05 00:00:00,25816.14,25833.83,25551.36,25721.27,1156.1228706
2023-09-05 06:00:00,25721.27,25795.01,25637.04,25765.3,903.21388689
2023-09-05 12:00:00,25765.3,25884.04,25605,25734.13,2534.47732241
2023-09-05 18:00:00,25734.12,25795.04,25663.01,25783.91,1457.33403858
2023-09-06 00:00:00,25782.49,25856.43,25723.74,25735.53,851.56639153
2023-09-06 06:00:00,25735.53,25775.57,25701.01,25722.26,697.94593355
2023-09-06 12:00:00,25722.25,26025.78,25358,25846.91,4980.20605868
2023-09-06 18:00:00,25847.94,25956.59,25573.03,25747.63,2844.61953809
2023-09-07 00:00:00,25747.63,25838.34,25708.06,25775.27,859.2989896
2023-09-07 06:00:00,25775.26,25783.54,25674.91,25691.78,917.51986524
2023-09-07 12:00:00,25691.77,25956.19,25595.8,25917.59,3961.35306284
2023-09-07 18:00:00,25917.59,26440.55,25819.89,26276.3,5146.96710561
2023-09-08 00:00:00,26276.38,26460.41,26194.22,26232.61,3250.68135071
2023-09-08 06:00:00,26232,26280.26,25640.1,25827.74,2567.1382126
2023-09-08 12:00:00,25827.74,25947.04,25711.87,25822.24,3076.52335172
2023-09-08 18:00:00,25822.24,25932.93,25758.19,25906.34,2255.61559164
2023-09-09 00:00:00,25906.33,25906.36,25827.42,25836.01,562.14998199
2023-09-09 06:00:00,25836.01,25898.16,25836,25856.07,341.80546358
2023-09-09 12:00:00,25856.79,25942.69,25791.45,25879.37,809.98631756
2023-09-09 18:00:00,25879.37,25916.45,25841.43,25897.82,511.88034756
2023-09-10 00:00:00,25897.82,25901.8,25747.01,25843.65,670.39803928
2023-09-10 06:00:00,25843.66,25869.91,25790,25790.01,364.07406192
2023-09-10 12:00:00,25790.01,25826.32,25652.56,25694.63,1310.75953685
2023-09-10 18:00:00,25694.62,26023.89,25578.01,25831.76,2016.37121528
2023-09-11 00:00:00,25831.77,25887.2,25645.25,25883.87,1100.62592043
2023-09-11 06:00:00,25886.62,25891.6,25555.76,25591.31,1560.8587153
2023-09-11 12:00:00,25591.3,25742.76,24947,25212.16,7296.29647809
2023-09-11 18:00:00,25212.15,25222.24,24900,25152.14,3446.33399235
2023-09-12 00:00:00,25152.13,25978.3,25120.76,25778.23,5273.4354319
2023-09-12 06:00:00,25778.42,26321.09,25714.13,26093.49,4906.34334997
2023-09-12 12:00:00,26095,26556.91,25888.13,25905.57,6908.40023322
2023-09-12 18:00:00,25904.8,26265.63,25800,25840.61,2701.30156819
2023-09-13 00:00:00,25839.95,25992.18,25763.43,25894.62,1678.5604544
2023-09-13 06:00:00,25894.62,26243.8,25850.98,26194.35,2095.1466951
2023-09-13 12:00:00,26195.04,26413.59,26023.86,26092.85,4342.77402627
2023-09-13 18:00:00,26092.55,26318.92,26057.02,26226.65,1983.25719433
2023-09-14 00:00:00,26227.16,26546.37,26128.25,26195.44,2804.42693457
2023-09-14 06:00:00,26195.43,26493.24,26182.21,26447.32,1327.65719969
2023-09-14 12:00:00,26448.77,26811,26344.76,26652.65,6153.24159278
2023-09-14 18:00:00,26652.65,26869.06,26481.59,26532.76,2643.75665017
2023-09-15 00:00:00,26532.5,26664.48,26455.02,26591.46,1400.54638186
2023-09-15 06:00:00,26591.51,26696.18,26385.28,26431.68,1176.38546476
2023-09-15 12:00:00,26429.31,26527.54,26213.96,26343.18,3379.27668379
2023-09-15 18:00:00,26343.18,26892.65,26333.57,26602.42,3389.7306066
2023-09-16 00:00:00,26601.71,26777,26520.91,26541.56,1391.46408523
2023-09-16 06:00:00,26541.56,26587.29,26453.32,26529.13,905.22694243
2023-09-16 12:00:00,26529.12,26622.46,26489.47,26569.7,1027.97374016
2023-09-16 18:00:00,26569.69,26618.45,26513.59,26569.69,807.3834079
2023-09-17 00:00:00,26569.69,26572.06,26426.92,26548.56,866.51954354
2023-09-17 06:00:00,26548.56,26626.49,26500.01,26575.23,538.31968067
2023-09-17 12:00:00,26575.23,26610.69,26486.7,26486.71,862.35573485
2023-09-17 18:00:00,26486.7,26540.34,26405.04,26530.95,985.07480225
2023-09-18 00:00:00,26530.96,26752.67,26382.13,26654.2,1999.73706057
2023-09-18 06:00:00,26654.2,27247.94,26628.3,27209.61,4565.99865667
2023-09-18 12:00:00,27209.61,27427.34,26673.81,26769.56,7925.69962547
2023-09-18 18:00:00,26769.56,26945.37,26635.88,26764.49,3002.27286083
2023-09-19 00:00:00,26764.03,26874.23,26666.93,26804.44,1535.49975404
2023-09-19 06:00:00,26804.38,27460.95,26766.26,27244.41,3337.69214409
2023-09-19 12:00:00,27245.04,27500,26892.36,27147.51,6794.37799394
2023-09-19 18:00:00,27147.51,27233.54,26995,27216.13,2718.50895521
2023-09-20 00:00:00,27216.52,27393.78,27010.86,27028.97,2407.48491165
2023-09-20 06:00:00,27031.14,27194.17,26940.66,27103.66,2151.53772186
2023-09-20 12:00:00,27103.87,27278.83,26995.17,27198.67,2703.88292576
2023-09-20 18:00:00,27202.3,27304.43,26798.98,27123.94,4327.33471706
2023-09-21 00:00:00,27122.65,27163.48,26937.12,27075.29,1342.65209508
2023-09-21 06:00:00,27075.13,27076.6,26616.22,26728.46,3267.4989102
2023-09-21 12:00:00,26728.45,26771.76,26359.7,26646.11,5449.36067973
2023-09-21 18:00:00,26648,26685.87,26501,26564.54,1742.47775141
2023-09-22 00:00:00,26564.54,26669,26467.94,26661.29,1680.11069412
2023-09-22 06:00:00,26662.64,26742.86,26568.58,26640,1638.0229577
2023-09-22 12:00:00,26639.99,26698.57,26528.29,26575.18,2989.71960554
2023-09-22 18:00:00,26575.19,26636.24,26486.58,26578.4,2255.19907394
2023-09-23 00:00:00,26578.4,26617.2,26513,26545.34,636.28821798
2023-09-23 06:00:00,26545.14,26595.22,26536.86,26579.06,583.46789631
2023-09-23 12:00:00,26579.05,26611.84,26548.84,26598.19,754.13977626
2023-09-23 18:00:00,26598.19,26638.58,26555.51,26579.6,623.36116656
2023-09-24 00:00:00,26579.59,26595.16,26550,26560.54,436.64534176
2023-09-24 06:00:00,26560.53,26612.87,26549,26600.46,348.65555676
2023-09-24 12:00:00,26600.47,26711.05,26563.5,26673.89,710.15294876
2023-09-24 18:00:00,26673.89,26731.1,26118.86,26250.24,3092.35144386
2023-09-25 00:00:00,26248.17,26339.07,25997,26107.44,3284.75752296
2023-09-25 06:00:00,26107.44,26219.78,26011.37,26065.63,1783.74745147
2023-09-25 12:00:00,26065.62,26422.65,25983.78,26359.08,3531.56162831
2023-09-25 18:00:00,26359.07,26444.95,26258.21,26296.08,2162.91741123
2023-09-26 00:00:00,26296.07,26397.59,26224.54,26316.78,922.09200774
2023-09-26 06:00:00,26316.78,26337.61,26178.42,26268.89,912.22516048
2023-09-26 12:00:00,26268.89,26300.27,26080,26161.03,2738.17430284
2023-09-26 18:00:00,26161.03,26276.15,26084.38,26208.44,2443.92975739
2023-09-27 00:00:00,26208.43,26283.12,26191.11,26238.8,1313.96999964
2023-09-27 06:00:00,26238.81,26829.15,26205.96,26747.34,3303.45083671
2023-09-27 12:00:00,26747.12,26830,26136,26211.07,7149.79421284
2023-09-27 18:00:00,26210.35,26375.93,26088.37,26357.62,2356.68186045
2023-09-28 00:00:00,26357.56,26537.46,26321.37,26428.46,2070.65972369
2023-09-28 06:00:00,26428.47,26594.24,26368.76,26453.91,1450.89529092
2023-09-28 12:00:00,26453.91,27313.86,26445.02,27166.77,10645.50899236
2023-09-28 18:00:00,27166.77,27245.28,26870.99,27027.14,4808.81362996
2023-09-29 00:00:00,27027.44,27139.12,26868.88,26976.64,2197.31436934
2023-09-29 06:00:00,26976.36,27238.9,26951.83,26968.01,2702.59839466
2023-09-29 12:00:00,26968.01,27099.61,26661.71,26836.88,4977.76788599
2023-09-29 18:00:00,26836.88,26985.51,26741.87,26907,2834.59112692
2023-09-30 00:00:00,26905.57,26954.26,26884.86,26938.74,709.91804192
2023-09-30 06:00:00,26938.73,27003.6,26923.56,26942.8,1092.43513711
2023-09-30 12:00:00,26943.59,27097.25,26915,27023.48,1601.08296076
2023-09-30 18:00:00,27023.48,27092.52,26954.87,26961,1009.87334122
2023-10-01 00:00:00,26961,27083.39,26955.25,27080,767.81077541
2023-10-01 06:00:00,27080.73,27293.8,27080.07,27198.01,1193.8052173
2023-10-01 12:00:00,27198.01,27237.15,27043.23,27078,1276.07514958
2023-10-01 18:00:00,27078,28062.62,27040.02,27995.46,5509.37774554
2023-10-02 00:00:00,27995.46,28227.68,27830.08,27988.89,6027.19704106
2023-10-02 06:00:00,27988.89,28498.9,27975,28208.2,5233.04537233
2023-10-02 12:00:00,28209.42,28613.37,27859.24,28060.64,8283.0070998
2023-10-02 18:00:00,28060.64,28109.94,27302.3,27504.04,5605.00390535
2023-10-03 00:00:00,27504.03,27645.01,27383.23,27570.61,1944.91930963
2023-10-03 06:00:00,27570.6,27672.12,27471.96,27564.3,1871.70789889
2023-10-03 12:00:00,27563.69,27592.43,27227.84,27433.79,6325.05225052
2023-10-03 18:00:00,27433.8,27474.69,27160.47,27428.96,4192.42911725
2023-10-04 00:00:00,27428.96,27510,27208.65,27407.04,1999.99037604
2023-10-04 06:00:00,27407.05,27646.29,27350,27578.76,1402.3731692
2023-10-04 12:00:00,27579,27638.81,27324.57,27537.76,3154.45111177
2023-10-04 18:00:00,27538.3,27842.38,27519.07,27786.75,3681.35587675
2023-10-05 00:00:00,27786.12,27896.13,27641.84,27643.38,1306.26369737
2023-10-05 06:00:00,27643.39,27782.01,27555.03,27729.5,1633.43946412
2023-10-05 12:00:00,27729.5,28140,27358.05,27489.81,8841.55379804
2023-10-05 18:00:00,27488.93,27543.34,27390.05,27412.96,2354.79087591
2023-10-06 00:00:00,27413.15,27596.3,27396.9,27505.41,1099.33662857
2023-10-06 06:00:00,27506.43,27810.02,27469.23,27767.9,1563.39237512
2023-10-06 12:00:00,27768.83,28071.15,27173.41,27979.63,6831.29244885
2023-10-06 18:00:00,27979.64,28288.88,27880.01,27945.17,3414.7300102
2023-10-07 00:00:00,27945.17,27984.22,27861.2,27922.07,943.21877506
2023-10-07 06:00:00,27922.07,28040.84,27893.13,27959.38,589.03555589
2023-10-07 12:00:00,27959.39,28001.38,27914.1,27954.04,984.82866565
2023-10-07 18:00:00,27952.85,27982.26,27872.13,27976.43,972.83296057
2023-10-08 00:00:00,27976.44,28109.94,27899,27957.09,1011.35371499
2023-10-08 06:00:00,27958.07,27975.63,27800,27824.12,701.96086699
2023-10-08 12:00:00,27824.12,28013.46,27708.6,27893.49,1146.79945663
2023-10-08 18:00:00,27893.19,28000.63,27810.7,27933.55,1258.44977212
2023-10-09 00:00:00,27933.54,28003.7,27810.39,27874.37,945.30193768
2023-10-09 06:00:00,27874.6,27927.8,27410.54,27469.54,2938.1780272
2023-10-09 12:00:00,27469.55,27598.65,27268.63,27594.87,4353.7723609
2023-10-09 18:00:00,27596.58,27750,27545.81,27596.67,1981.37323443
2023-10-10 00:00:00,27596.67,27708.19,27506.15,27614.01,1469.99593492
2023-10-10 06:00:00,27614.02,27739.94,27506.39,27513.05,994.3492853
2023-10-10 12:00:00,27509.36,27628.47,27332.97,27369.38,5305.23570982
2023-10-10 18:00:00,27369.48,27474.64,27291.81,27393.29,2496.21264932
2023-10-11 00:00:00,27393.28,27478.61,26963.65,27119.51,2702.95052045
2023-10-11 06:00:00,27119.51,27338.93,27012.73,27197.69,2495.62206264
2023-10-11 12:00:00,27197.8,27265.33,26521.32,26621.23,7610.98784519
2023-10-11 18:00:00,26618.91,26892.26,26571.52,26869.19,3656.70569379
2023-10-12 00:00:00,26867.97,26939.55,26726.55,26873.77,1229.33140116
2023-10-12 06:00:00,26873.69,26913.01,26652.42,26831.53,1371.03498382
2023-10-12 12:00:00,26831.52,26858.29,26537.72,26629.22,3486.0338132
2023-10-12 18:00:00,26628.53,26770.41,26580.28,26750.51,1794.81485039
2023-10-13 00:00:00,26752.06,26871,26739.34,26812.35,1124.76239023
2023-10-13 06:00:00,26812.34,26933.3,26727.27,26807.71,1171.21729271
2023-10-13 12:00:00,26808.12,26957.45,26662.62,26760.06,3106.65844484
2023-10-13 18:00:00,26760.06,27122.24,26710.42,26863.53,3291.96284281
2023-10-14 00:00:00,26863.54,26988.12,26842.21,26888.44,781.05638521
2023-10-14 06:00:00,26888.45,26902.79,26839.96,26873.29,410.57100323
2023-10-14 12:00:00,26873.29,26953.17,26847.62,26890.33,802.43486767
2023-10-14 18:00:00,26890.33,26892.94,26797,26851.71,792.69784041
2023-10-15 00:00:00,26851.71,26911.74,26813.25,26882.26,538.75309822
2023-10-15 06:00:00,26881.31,26922.75,26851.1,26855.67,321.83454431
2023-10-15 12:00:00,26855.67,27016.23,26806.06,26979.41,1031.9244203
2023-10-15 18:00:00,26979.49,27301.37,26955.86,27186.13,4323.33924246
2023-10-16 00:00:00,27186.13,27989,27135.92,27928.49,6095.26870025
2023-10-16 06:00:00,27928.12,27995,27651.95,27759.49,4553.02114929
2023-10-16 12:00:00,27759.49,30000,27711.15,28248.2,19825.83777245
2023-10-16 18:00:00,28248.2,28828.22,28242.73,28520.24,5997.62261541
2023-10-17 00:00:00,28520.24,28572.92,28083.19,28235.36,2527.41621624
2023-10-17 06:00:00,28235.35,28618,28122.1,28435.55,2661.78187895
2023-10-17 12:00:00,28435.55,28637.21,28149,28448.86,5799.61192
2023-10-17 18:00:00,28448.85,28574.05,28328.54,28408.83,3182.62179195
2023-10-18 00:00:00,28408.51,28999.98,28331.58,28710.04,4082.09559439
2023-10-18 06:00:00,28709.14,28754.88,28253.71,28360.35,2385.17638443
2023-10-18 12:00:00,28360.34,28428.54,28151.6,28341.1,3558.67392891
2023-10-18 18:00:00,28341.1,28382.46,28195.76,28326.51,1794.73523274
2023-10-19 00:00:00,28326.24,28434.27,28122.57,28319.59,1761.93302277
2023-10-19 06:00:00,28319.54,28533.74,28251.22,28456.63,1759.6717735
2023-10-19 12:00:00,28456.63,28938.96,28427.34,28568.39,6188.39053079
2023-10-19 18:00:00,28567.71,28891.93,28536.97,28735.34,2952.68467783
2023-10-20 00:00:00,28734.51,29428.88,28591.85,29236.99,4535.72706535
2023-10-20 06:00:00,29236.99,30248,29197.99,29863.07,6600.94877669
2023-10-20 12:00:00,29865.34,29936.47,29328.04,29529.37,5857.95790336
2023-10-20 18:00:00,29529.28,29793.17,29411.38,29684.73,3101.28154677
2023-10-21 00:00:00,29684.73,29712.97,29475.06,29589.42,911.86217347
2023-10-21 06:00:00,29589.42,29880.44,29588.63,29818.23,1013.91915329
2023-10-21 12:00:00,29818.22,30190,29693.73,30159.52,2222.66985521
2023-10-21 18:00:00,30158.18,30369,29863.01,29924.84,2221.48357133
2023-10-22 00:00:00,29925.91,30275,29855.35,30127.93,1311.40874539
2023-10-22 06:00:00,30130.79,30233.71,29670,29929.07,1440.49417872
2023-10-22 12:00:00,29930.12,29992.99,29803,29928.26,1232.82872938
2023-10-22 18:00:00,29928.26,30060.24,29705.97,30004.15,1735.55800546
2023-10-23 00:00:00,30004.14,30948,29890.89,30797.51,5389.34685933
2023-10-23 06:00:00,30798.06,30985.27,30361.35,30666.5,3076.12228356
2023-10-23 12:00:00,30666.5,31397.56,30400,31003.37,7329.80988081
2023-10-23 18:00:00,31002.75,35000,30782.88,33087.58,17433.18832401
2023-10-24 00:00:00,33079.72,35157.23,32851.45,33876.43,13444.02713092
2023-10-24 06:00:00,33877.68,34880.27,33704.32,34552.52,5856.33249224
2023-10-24 12:00:00,34552.52,34837.27,33242.34,33782.16,11694.92138277
2023-10-24 18:00:00,33780.96,34254.19,33000,33922.52,7511.07861961
2023-10-25 00:00:00,33921.66,34375.67,33775.04,34020.99,3019.89242264
2023-10-25 06:00:00,34020.98,34432.64,33690.91,34203.16,3394.15676337
2023-10-25 12:00:00,34203.86,35144,34203.21,34674.65,8012.89310923
2023-10-25 18:00:00,34674.99,34858.4,34272,34506.35,4241.51587911
2023-10-26 00:00:00,34504.33,34843.04,34433,34534.59,2123.56046523
2023-10-26 06:00:00,34531.19,34782.68,33967.4,34108.32,3473.45272566
2023-10-26 12:00:00,34111.01,34386.21,33735.86,33939.84,6270.43193734
2023-10-26 18:00:00,33939.84,34293.06,33905.9,34154.71,4000.00184342
2023-10-27 00:00:00,34153.35,34190.01,33790.12,34087.19,1993.07599207
2023-10-27 06:00:00,34084.69,34249.99,33933.13,34047.94,2051.50666916
2023-10-27 12:00:00,34046.7,34213.56,33450,33603,7072.5048597
2023-10-27 18:00:00,33603.08,33952.28,33400,33906.09,2761.95578026
2023-10-28 00:00:00,33905.96,34191.17,33867.38,34094.99,1162.25204645
2023-10-28 06:00:00,34094.99,34500,34031.76,34179.74,1070.11883094
2023-10-28 12:00:00,34179.74,34247.3,33934.59,34139.69,1419.43842522
2023-10-28 18:00:00,34140.19,34229.19,34069.59,34085.42,720.71794612
2023-10-29 00:00:00,34085.42,34108.27,33937.31,34034.73,669.15706107
2023-10-29 06:00:00,34034.74,34333,34017.48,34263.29,793.29181728
2023-10-29 12:00:00,34262.95,34757.99,34262.95,34572.53,2411.23094813
2023-10-29 18:00:00,34572.37,34763,34421.8,34534.48,1673.41603011
2023-10-30 00:00:00,34534.48,34585.2,34200,34267.29,2685.09760399
2023-10-30 06:00:00,34267.29,34688,34127.4,34618.85,1891.85107107
2023-10-30 12:00:00,34619.67,34871,34077.9,34325.92,3951.98410372
2023-10-30 18:00:00,34325.92,34587,34280.82,34493.79,1654.84339044
2023-10-31 00:00:00,34493.51,34623.21,34174.24,34287.26,1624.22382244
2023-10-31 06:00:00,34287.25,34553.22,34038.79,34505,1453.75758451
2023-10-31 12:00:00,34502.9,34530.76,34141.8,34396.34,2926.82914903
2023-10-31 18:00:00,34396.35,34732.18,34350.22,34656.4,3277.2181119
2023-11-01 00:00:00,34656.38,34687.53,34342.67,34357.89,1417.58056639
2023-11-01 06:00:00,34357.88,34507.75,34323.31,34433.29,883.33196984
2023-11-01 12:00:00,34433.29,35199.99,34079.46,34523.07,6877.42488398
2023-11-01 18:00:00,34522.56,35647.19,34448.37,35440.1,7019.12239735
2023-11-02 00:00:00,35440.1,35997.8,35169.82,35217.51,4022.70686024
2023-11-02 06:00:00,35215.46,35498.25,35093.22,35395.69,2209.28232807
2023-11-02 12:00:00,35392.66,35479.76,34311.73,34783.22,4917.40360893
2023-11-02 18:00:00,34782.21,35118.69,34708.96,34950,2306.26247311
2023-11-03 00:00:00,34947.92,34954.6,34320.47,34546.34,2507.48663595
2023-11-03 06:00:00,34550.78,34614.47,34100,34253.23,4131.44663013
2023-11-03 12:00:00,34254.34,34875.93,34150.01,34442,4903.15912475
2023-11-03 18:00:00,34443.53,34757.01,34364.67,34731.27,2419.60775436
2023-11-04 00:00:00,34730.32,34797.72,34599.85,34768.42,1170.29248952
2023-11-04 06:00:00,34768.42,35014.99,34696.98,34729.05,1070.77751383
2023-11-04 12:00:00,34730.12,34822.95,34668.77,34785.07,730.27558152
2023-11-04 18:00:00,34785.06,35278.4,34733.74,35087.01,1725.35589852
2023-11-05 00:00:00,35087.43,35331.44,34957.31,35187.82,1269.38173058
2023-11-05 06:00:00,35191.12,35217.24,35038.59,35114.33,598.15047685
2023-11-05 12:00:00,35114.33,35291.7,34804.17,35085.62,1594.78323092
2023-11-05 18:00:00,35087.02,35410,34500,35035.42,2430.35785502
2023-11-06 00:00:00,35035.79,35148.28,34753.66,34836.19,1174.10536923
2023-11-06 06:00:00,34833.89,35294.12,34790.26,35247.44,1234.60389382
2023-11-06 12:00:00,35250.85,35270.94,34899,34989.77,2498.29845879
2023-11-06 18:00:00,34989.78,35159.58,34815,35059.46,2181.2638101
2023-11-07 00:00:00,35059.46,35066.66,34812.71,34925.02,1610.43127322
2023-11-07 06:00:00,34925.03,34988.93,34574.98,34644.31,1337.96761527
2023-11-07 12:00:00,34643.53,34872.76,34530.67,34856.6,2460.64507967
2023-11-07 18:00:00,34856.6,35963,34843.85,35416.28,8432.54798781
2023-11-08 00:00:00,35416.63,35445.02,35243.24,35273.89,1350.48909256
2023-11-08 06:00:00,35273.89,35451.58,35174.56,35343.83,1048.40964331
2023-11-08 12:00:00,35344.27,35480,35103.14,35310.8,2809.32865827
2023-11-08 18:00:00,35310.79,36113.59,35283.08,35639.13,7044.93069069
2023-11-09 00:00:00,35639.13,36883.05,35555.16,36596.73,6412.51592116
2023-11-09 06:00:00,36596.75,37000,36538.86,36828.88,3045.73318163
2023-11-09 12:00:00,36828.88,37999,35672.67,36628.87,13624.61341376
2023-11-09 18:00:00,36628.9,36800.51,36143.39,36706.59,5962.98943928
2023-11-10 00:00:00,36704.01,36915.69,36445.15,36757.39,2199.70913962
2023-11-10 06:00:00,36757.39,37149.87,36334.46,37087.82,2250.90391604
2023-11-10 12:00:00,37087.82,37479.44,36837.83,37217.26,5730.41347236
2023-11-10 18:00:00,37215.47,37548.8,37080.52,37324.83,5002.14200698
2023-11-11 00:00:00,37324.84,37424.03,36923.15,37096.55,1917.49844924
2023-11-11 06:00:00,37096.56,37152.02,36933.79,37008.91,651.03193599
2023-11-11 12:00:00,37011.63,37297.87,36976.72,37129.63,1163.8275864
2023-11-11 18:00:00,37129.67,37191.42,36701.5,37139.12,1612.09585603
2023-11-12 00:00:00,37139.94,37192.25,36740.9,37121.5,853.48061586
2023-11-12 06:00:00,37122.64,37191.8,37040.17,37073.55,474.39769193
2023-11-12 12:00:00,37073.55,37247,36952.67,37093.84,833.67181924
2023-11-12 18:00:00,37095.48,37222.04,36964.62,37086.03,1155.95265873
2023-11-13 00:00:00,37086.5,37442.48,36840.02,36938.13,2278.4206698
2023-11-13 06:00:00,36940.41,37067.89,36715.48,36832.64,1442.15031085
2023-11-13 12:00:00,36832.63,37034.12,36547.17,36673.12,3256.94358775
2023-11-13 18:00:00,36673.12,36891.11,36351,36475.67,3565.78107872
2023-11-14 00:00:00,36475.68,36644.77,36203.4,36643.01,1751.49606937
2023-11-14 06:00:00,36642,36756.16,36249.5,36272.73,1455.61143922
2023-11-14 12:00:00,36272.63,36708.43,35855,36088.57,5289.68094275
2023-11-14 18:00:00,36090.42,36122.76,34758.64,35554.09,7511.70232595
2023-11-15 00:00:00,35554.1,35670.9,35358.45,35610.51,1929.75500453
2023-11-15 06:00:00,35610.08,36293.22,35533.29,36253.78,1693.62686459
2023-11-15 12:00:00,36253.77,36590,36005.97,36515.93,4093.51672306
2023-11-15 18:00:00,36515.93,37987,36469.97,37885.35,12224.77711102
2023-11-16 00:00:00,37885.35,37958.75,37340.62,37471.51,2596.78883987
2023-11-16 06:00:00,37471.51,37629.85,37130.79,37260.41,1841.51679008
2023-11-16 12:00:00,37260.42,37332.32,36260.32,36316.17,6840.34483345
2023-11-16 18:00:00,36314.57,36400.18,35511.11,36161.15,7177.31782825
2023-11-17 00:00:00,36161.15,36674.75,36097.28,36363.27,2676.16082712
2023-11-17 06:00:00,36365.33,36473.75,36131,36382.68,1550.02092755
2023-11-17 12:00:00,36382.69,36831.99,35869,36508.83,4979.85674181
2023-11-17 18:00:00,36508.82,36744.08,36246.84,36630.38,3012.81288755
2023-11-18 00:00:00,36631.56,36631.63,36320.8,36349.24,823.42112418
2023-11-18 06:00:00,36349.25,36549.8,36205.89,36420.19,613.96910919
2023-11-18 12:00:00,36420.19,36857.15,36367.24,36643.24,1165.22109682
2023-11-18 18:00:00,36643.24,36795.24,36466.34,36594.89,865.78688343
2023-11-19 00:00:00,36596.14,36599.93,36415.51,36539.74,606.15317304
2023-11-19 06:00:00,36539.75,36731.67,36404.82,36479.03,616.4498968
2023-11-19 12:00:00,36479.02,36650,36404.52,36623.79,679.71609015
2023-11-19 18:00:00,36624.98,37546.62,36615.67,37391.19,2464.12976345
2023-11-20 00:00:00,37389.06,37407.69,37063.93,37153.53,1804.6992082
2023-11-20 06:00:00,37153.54,37440.05,37073.12,37173.11,1326.1991742
2023-11-20 12:00:00,37173.11,37784.07,36720,37608.88,6043.08666338
2023-11-20 18:00:00,37616.02,37776.23,37307.26,37475.64,4940.02535348
2023-11-21 00:00:00,37472.76,37675.77,37312.58,37376.16,2045.89144758
2023-11-21 06:00:00,37376.16,37439.62,37161.36,37184.67,1280.63905452
2023-11-21 12:00:00,37184.66,37535.37,36264.46,36921.36,9700.27634377
2023-11-21 18:00:00,36921.33,37216.16,35744.9,35751.89,7810.93249751
2023-11-22 00:00:00,35755.33,36489.14,35633,36371.85,4251.36253794
2023-11-22 06:00:00,36371.84,36782.79,36371.84,36470.26,1778.56707979
2023-11-22 12:00:00,36471.62,36662.53,36241,36590.83,3786.47299045
2023-11-22 18:00:00,36594.75,37875,36569.22,37424.31,7790.5697871
2023-11-23 00:00:00,37424.31,37550.22,37275.24,37339.04,1956.83197976
2023-11-23 06:00:00,37339.04,37653.67,37163.99,37378.41,1978.225812
2023-11-23 12:00:00,37378.41,37537.08,36888,37176.6,2227.60505836
2023-11-23 18:00:00,37176.59,37396.79,37171.84,37304.05,1048.65469924
2023-11-24 00:00:00,37304.04,37497.25,37257.56,37437.38,1512.79158904
2023-11-24 06:00:00,37438.99,38103,37365.67,37761.77,3449.88070547
2023-11-24 12:00:00,37762.63,38454,37596.07,37880.07,9484.30925798
2023-11-24 18:00:00,37880.5,37984.4,37610.69,37745.84,3060.90848891
2023-11-25 00:00:00,37746.29,37872.59,37705.43,37840.34,1061.06266814
2023-11-25 06:00:00,37840.33,37860.57,37615.91,37679.5,695.91200143
2023-11-25 12:00:00,37677.71,37829.86,37642.17,37796.83,829.2103677
2023-11-25 18:00:00,37796.83,37920.27,37743.25,37805.99,981.23741188
2023-11-26 00:00:00,37806.84,37815.87,37690.05,37797.59,625.53131339
2023-11-26 06:00:00,37797.58,37842.17,37688,37699.65,632.82453885
2023-11-26 12:00:00,37699.65,37702.03,37156.72,37291.52,2653.02579817
2023-11-26 18:00:00,37289.01,37761.93,37180.46,37462.79,2201.67460139
2023-11-27 00:00:00,37462.01,37578.42,37203.01,37316.52,2122.77065965
2023-11-27 06:00:00,37316.52,37474.23,36885.87,37040.74,2559.21900444
2023-11-27 12:00:00,37042.22,37150.16,36715.1,36925.17,5596.67831975
2023-11-27 18:00:00,36923.85,37280.19,36795.47,37241.63,3231.78677675
2023-11-28 00:00:00,37241.64,37346.16,36873.55,36917.11,1746.49944438
2023-11-28 06:00:00,36916.17,37262.23,36900.37,37253.44,1256.87749194
2023-11-28 12:00:00,37252.79,38302.92,37146.58,38296.3,7407.35891332
2023-11-28 18:00:00,38296.3,38425.96,37677.92,37838.26,7745.73673269
2023-11-29 00:00:00,37838.26,38140.02,37694.85,38059.61,2404.94603328
2023-11-29 06:00:00,38061.02,38480,37916.86,38126.32,3535.5061725
2023-11-29 12:00:00,38125.37,38308.82,37581.93,37782.2,6038.30564966
2023-11-29 18:00:00,37782.19,37944.61,37588.05,37863.84,3183.93097505
2023-11-30 00:00:00,37864.79,38152.18,37695.42,37891.01,1588.04944365
2023-11-30 06:00:00,37891.01,37959.93,37585.75,37886.69,1581.10538135
2023-11-30 12:00:00,37888.04,37977.48,37500,37748.97,3276.01991912
2023-11-30 18:00:00,37749.55,37822.68,37612.59,37732.27,1636.01773979
2023-12-01 00:00:00,37732.27,38255.49,37618.25,38132.12,2268.17118778
2023-12-01 06:00:00,38132.89,38846.09,38088,38588.41,3503.96885832
2023-12-01 12:00:00,38588.42,39000,38218.3,38813.23,6701.68311289
2023-12-01 18:00:00,38813.23,38937.66,38630.78,38703.54,3922.07881907
2023-12-02 00:00:00,38706.55,38840.83,38660.03,38765.93,1060.84347488
2023-12-02 06:00:00,38765.91,38848.98,38669.46,38753.09,548.89980864
2023-12-02 12:00:00,38754.57,38883.13,38727.05,38814.53,1068.88518389
2023-12-02 18:00:00,38814.52,39740,38801.58,39478.95,4862.14035089
2023-12-03 00:00:00,39467.42,39577,39293.02,39436.81,1352.69583343
2023-12-03 06:00:00,39436.77,39559.18,39387.04,39492.61,513.92421314
2023-12-03 12:00:00,39492.61,39849,39393.04,39541.53,1904.75932738
2023-12-03 18:00:00,39541.37,40221.22,39457.85,39984.81,3381.77726389
2023-12-04 00:00:00,39984.81,41544,39983.6,41495,5980.23694663
2023-12-04 06:00:00,41498.76,42159.92,41318.22,41600,4520.51902818
2023-12-04 12:00:00,41600,41940,41131.72,41612.36,5777.80436971
2023-12-04 18:00:00,41617,42410.46,41503.29,41987.24,5714.49961102
2023-12-05 00:00:00,41985.53,41986.36,41616.81,41911.91,3614.27793083
2023-12-05 06:00:00,41915.48,41917.46,41384.03,41727.2,1762.91527272
2023-12-05 12:00:00,41727.2,44039.18,41691.21,43372.78,9534.24865265
2023-12-05 18:00:00,43371.32,45000,43310.42,44084.39,9107.31849854
2023-12-06 00:00:00,44086.33,44162.22,43541.68,43679.33,3694.66412381
2023-12-06 06:00:00,43676.42,44290.37,43369,43838.72,3351.54640302
2023-12-06 12:00:00,43835.04,44289,43727.16,43958.11,5073.10603232
2023-12-06 18:00:00,43958.11,44143.72,43601.58,43764.05,3858.24282421
2023-12-07 00:00:00,43766.41,44057.23,43710.64,44012.8,1383.52927642
2023-12-07 06:00:00,44012.13,44033.49,42846.53,43189.94,3562.05597639
2023-12-07 12:00:00,43191.14,43930.74,42957.67,43438.98,4592.92647934
2023-12-07 18:00:00,43440.59,43476.59,43072.64,43280.95,3516.85517873
2023-12-08 00:00:00,43281.11,43560.69,43276.07,43432.8,1539.94109975
2023-12-08 06:00:00,43432.8,43739.03,43087.17,43662.71,1757.79824463
2023-12-08 12:00:00,43663.3,44041.47,43480.42,43749.7,5280.60495614
2023-12-08 18:00:00,43750.42,44754.99,43742.55,44192.87,5001.06430124
2023-12-09 00:00:00,44192.86,44384.68,44040.44,44291.16,1284.95470552
2023-12-09 06:00:00,44291.17,44349.54,43750,43829.19,1229.84435
2023-12-09 12:00:00,43829.18,44156.35,43752.55,43910.34,1523.43260388
2023-12-09 18:00:00,43910.11,44090.41,43586.14,43723.25,1431.17542491
2023-12-10 00:00:00,43722.84,43969,43675.74,43892.84,771.57364888
2023-12-10 06:00:00,43893.71,44040.81,43609.99,43744.17,884.35916457
2023-12-10 12:00:00,43746.35,43971.13,43730.46,43818.7,898.82481829
2023-12-10 18:00:00,43818.69,44049.51,43562.06,43793.68,1364.33660475
2023-12-11 00:00:00,43793.67,43811.81,40300,42045.1,7473.41034496
2023-12-11 06:00:00,42045.09,42485.65,41720,42345.49,2958.56541487
2023-12-11 12:00:00,42345.24,42396.21,41256.18,41312.43,6355.32339042
2023-12-11 18:00:00,41314.5,41339.12,40150,41229.61,8737.37179666
2023-12-12 00:00:00,41229.61,41932.84,41153.91,41549.85,2712.31140906
2023-12-12 06:00:00,41549.39,42088.56,41377.95,41573.72,2023.49144809
2023-12-12 12:00:00,41575.87,42049.62,40650,40662.95,5302.67178505
2023-12-12 18:00:00,40653.8,41537.62,40636.51,41477.39,3376.39309435
2023-12-13 00:00:00,41477.6,41490.2,40553.15,41007.24,2747.78431917
2023-12-13 06:00:00,41003.6,41261.32,40787.82,40969.72,1388.56761203
2023-12-13 12:00:00,40971.05,42200,40955.37,42110.36,4574.19770857
2023-12-13 18:00:00,42110.36,43475,41974.35,42885.54,7088.1145906
2023-12-14 00:00:00,42887.39,42960.12,42675.68,42821.17,2344.40601173
2023-12-14 06:00:00,42823.48,43313.78,42693.14,43270.68,1982.49155977
2023-12-14 12:00:00,43270.7,43442.15,41426.76,43223.8,7531.01401007
2023-12-14 18:00:00,43223.8,43228.31,42808.61,43027.77,3576.34813227
2023-12-15 00:00:00,43027.77,43095.71,42500,42598.07,1858.05640329
2023-12-15 06:00:00,42598.07,43041.95,42524.19,42778.2,1350.83474924
2023-12-15 12:00:00,42781.08,42789.39,41640.51,41828.02,4434.84741503
2023-12-15 18:00:00,41828.02,42275.21,41805.53,41933.89,3217.99007911
2023-12-16 00:00:00,41934.84,42382.74,41626.66,42247.7,1627.08023938
2023-12-16 06:00:00,42247.7,42305.84,42066.32,42290.38,838.54534916
2023-12-16 12:00:00,42294.02,42680.2,42218.65,42485.19,1457.94431015
2023-12-16 18:00:00,42483.83,42500,42116.66,42237.29,1392.08592438
2023-12-17 00:00:00,42235.23,42267.69,41741.83,41869.22,1221.93907103
2023-12-17 06:00:00,41869.25,42000,41629.08,41901.65,1275.18742398
2023-12-17 12:00:00,41901.65,42367.82,41500,42034.06,2052.02815822
2023-12-17 18:00:00,42036.37,42181.82,41222,41349.59,2099.91030442
2023-12-18 00:00:00,41349.59,41421.1,40765.27,40967.43,2532.34110274
2023-12-18 06:00:00,40967.43,41261.71,40508.01,41062.49,2661.63860325
2023-12-18 12:00:00,41063.21,41716.71,40847.12,41377.78,3315.33285558
2023-12-18 18:00:00,41369.43,42754.79,41277,42650.01,4885.02218667
2023-12-19 00:00:00,42650.01,43461.86,42552.95,42947.95,3329.57041108
2023-12-19 06:00:00,42947.96,43256.49,42802.64,42955.67,1347.77117763
2023-12-19 12:00:00,42955.67,43030.41,41793.78,41822.86,4900.03445596
2023-12-19 18:00:00,41823.04,42499,41780,42266.22,3826.55843061
2023-12-20 00:00:00,42266.25,42844.45,42184.48,42700.18,1831.21260652
2023-12-20 06:00:00,42701.17,43001.91,42619.56,42861.04,1839.79235978
2023-12-20 12:00:00,42859.76,44324.86,42755.35,44021.51,9810.46419958
2023-12-20 18:00:00,44022.79,44297.89,43254.82,43674.77,5825.63979852
2023-12-21 00:00:00,43673.11,43734.75,43295.78,43500.66,2028.02675807
2023-12-21 06:00:00,43500.01,44098.42,43469.04,43929.13,2135.19117041
2023-12-21 12:00:00,43928.75,44250,43361.44,43447.97,4705.11264431
2023-12-21 18:00:00,43447.98,44138.45,43390.87,43875.32,4302.64224941
2023-12-22 00:00:00,43875.56,44280.15,43746.99,44156.78,2169.81854941
2023-12-22 06:00:00,44152.85,44424.36,43472.56,43751.59,2874.35370876
2023-12-22 12:00:00,43752.04,43824.15,43412.82,43720.23,2862.73154556
2023-12-22 18:00:00,43720.23,44091.12,43630.69,44013.73,2826.64967706
2023-12-23 00:00:00,44013.65,44033.84,43333.35,43639.9,1532.97561742
2023-12-23 06:00:00,43639.53,43701.05,43513.92,43569.14,577.71132617
2023-12-23 12:00:00,43569.14,43894.7,43569.13,43774.49,938.33847299
2023-12-23 18:00:00,43774.5,43881.61,43659.08,43726.35,1026.06412314
2023-12-24 00:00:00,43728.36,43985.67,43456.2,43516.41,1283.25275108
2023-12-24 06:00:00,43517.85,43721.81,43434.62,43655.99,637.6060199
2023-12-24 12:00:00,43658.1,43901.7,43578.33,43654.11,882.83275807
2023-12-24 18:00:00,43656.52,43719.56,42614.17,43025.03,2143.31012664
2023-12-25 00:00:00,43025.02,43241.15,42755.35,43231.21,1245.26433409
2023-12-25 06:00:00,43233.08,43339.64,43056.87,43188.37,807.05591328
2023-12-25 12:00:00,43185.95,43818.29,43106.54,43557.27,1463.67521314
2023-12-25 18:00:00,43557.27,43740.68,43333.88,43589.67,1283.73558756
2023-12-26 00:00:00,43589.67,43605,42656,42773.55,2069.8498595
2023-12-26 06:00:00,42769.57,42829.8,42181.68,42671.48,2578.46972711
2023-12-26 12:00:00,42671.48,42831,41600.67,41988.46,5356.78511549
2023-12-26 18:00:00,41986.98,42599.47,41804.9,42515.53,3029.92275325
2023-12-27 00:00:00,42521.21,42553.83,42111.47,42454.83,1172.97130128
2023-12-27 06:00:00,42454.83,43250.72,42396.37,43030.34,1920.79509929
2023-12-27 12:00:00,43029.19,43209.03,42716.16,43052.15,4711.91310972
2023-12-27 18:00:00,43048.27,43709.98,42960.95,43474.4,5111.80453446
2023-12-28 00:00:00,43469.06,43830.34,43167.54,43235.13,3632.0214366
2023-12-28 06:00:00,43235.48,43263.99,42825,43079.78,2566.71961849
2023-12-28 12:00:00,43079.79,43148.21,42265.08,42544.63,4670.93502729
2023-12-28 18:00:00,42544.24,42769.67,42350,42581.23,2714.23991605
2023-12-29 00:00:00,42581.23,42791.19,42135.74,42692.06,2652.95385936
2023-12-29 06:00:00,42691.9,42959.35,42245.79,42896.87,2883.58492508
2023-12-29 12:00:00,42896.85,43137.1,41650,41804.98,6667.37491212
2023-12-29 18:00:00,41805.45,42222.72,41300,42063.45,4552.51954225
2023-12-30 00:00:00,42064.22,42207.44,41800.01,42084.22,3611.87428151
2023-12-30 06:00:00,42084.23,42139.76,41518.19,41883.32,2460.29350426
2023-12-30 12:00:00,41882.94,42593.73,41865,42469.91,3189.91267316
2023-12-30 18:00:00,42470.18,42502.81,42059.83,42141.03,2347.74331122
2023-12-31 00:00:00,42139.32,42418.25,41964.68,42184.68,2543.75432143
2023-12-31 06:00:00,42185.81,42850,42167.1,42508.07,2907.8594799
2023-12-31 12:00:00,42508.03,42681.02,42336.31,42590.03,2552.26000052
2023-12-31 18:00:00,42592.75,42700,42066.35,42288.06,3393.69923558
2024-01-01 00:00:00,42288.58,42749.99,42175.65,42231.47,1792.90771473
2024-01-01 06:00:00,42231.47,42767.6,42199.63,42690,1250.70520249
2024-01-01 12:00:00,42690,42880.97,42581.54,42833.66,1408.0188975
2024-01-01 18:00:00,42835.63,44240.8,42835.63,44220.78,3526.09669671
2024-01-02 00:00:00,44220.78,45601,44195.13,45216.32,9599.17931595
2024-01-02 06:00:00,45214.41,45925.82,45166.39,45487.83,3668.921148
2024-01-02 12:00:00,45488.9,45863.46,44888.01,44997.95,8645.08307405
2024-01-02 18:00:00,44995.01,45307.07,44630.29,44972.8,7670.20053947
2024-01-03 00:00:00,44972.81,45432.39,44884.14,45184.54,2597.0130079
2024-01-03 06:00:00,45184.18,45519.32,43500.01,43737.06,4580.80273883
2024-01-03 12:00:00,43751.15,43755.53,40625.68,42931.89,18473.89799048
2024-01-03 18:00:00,42926.82,43074.73,42012.35,42862.44,6630.1386063
2024-01-04 00:00:00,42860.58,43307.18,42650,43218.7,2200.07651272
2024-01-04 06:00:00,43218.91,43297.79,42699.43,43226.07,2360.41451076
2024-01-04 12:00:00,43226.06,44355.54,43136.57,44052.54,7420.94382619
2024-01-04 18:00:00,44052.54,44800,43928.72,44193.29,6212.38199386
2024-01-05 00:00:00,44198.35,44336.28,42450,43675.01,5250.30428772
2024-01-05 06:00:00,43668.72,44344.93,43505.08,43808.86,2609.55817401
2024-01-05 12:00:00,43807.58,44145.25,43114.4,43642.56,4867.04696045
2024-01-05 18:00:00,43642.55,44443.37,43438.57,44186.59,5346.18619277
2024-01-06 00:00:00,44187.76,44260.95,43630.15,43739.15,1417.575373
2024-01-06 06:00:00,43739.36,43799.91,43436.5,43705.54,914.23751527
2024-01-06 12:00:00,43705.15,44040.43,43564.33,43998.26,1693.07613783
2024-01-06 18:00:00,44000.01,44179.72,43697.62,43992.44,1666.54557733
2024-01-07 00:00:00,43992.79,44287.82,43866.4,43912.15,1331.30749089
2024-01-07 06:00:00,43913.5,44197.54,43881.51,44092.19,788.54901121
2024-01-07 12:00:00,44092.18,44510.01,43724.94,44092.18,1773.65613004
2024-01-07 18:00:00,44090.54,44307.47,43629.7,43950.28,2037.83387469
2024-01-08 00:00:00,43954.52,44000,43200.44,43661.1,2746.13459147
2024-01-08 06:00:00,43662.42,44732.74,43604.3,44658.71,2904.67812606
2024-01-08 12:00:00,44656.58,45782.41,44422.31,45710.21,8790.76509693
2024-01-08 18:00:00,45706.26,47330,45706.26,46995.1,12005.59545179
2024-01-09 00:00:00,46995.09,47196,46254.68,46742.78,3826.36527561
2024-01-09 06:00:00,46747.09,46960.29,46414.83,46643.78,1445.02855532
2024-01-09 12:00:00,46643.78,47077.63,45526.96,46738.77,6692.53038782
2024-01-09 18:00:00,46740.84,47901,44701.54,46124.08,14341.63944167
2024-01-10 00:00:00,46120.79,46248.84,45613.22,45981.95,3283.14908666
2024-01-10 06:00:00,45981.95,46073.49,45030,45526.41,3249.99830023
2024-01-10 12:00:00,45529.63,46474.02,44320.01,46414.8,10509.76403469
2024-01-10 18:00:00,46423.13,47732.5,44813,46666.11,19491.48623708
2024-01-11 00:00:00,46678.54,46783.33,45888.89,46079.26,4123.25437526
2024-01-11 06:00:00,46079.25,47165.69,45623.02,47076.78,3566.99398061
2024-01-11 12:00:00,47076.78,49102.29,45555.55,46477.9,22046.23749064
2024-01-11 18:00:00,46475.26,47016.13,46086.41,46342.66,8414.40894171
2024-01-12 00:00:00,46344.96,46522.2,45854.07,46193.2,2840.81214482
2024-01-12 06:00:00,46191.94,46368.85,45549.08,45953.91,3643.04082509
2024-01-12 12:00:00,45953.9,46115.66,43134.34,43674.41,21723.01514147
2024-01-12 18:00:00,43674.4,44034,41444.97,42773.03,18655.56536061
2024-01-13 00:00:00,42775.1,43127.13,42427,43091.24,3233.19454832
2024-01-13 06:00:00,43091.24,43250,42500,42610.82,2569.79277037
2024-01-13 12:00:00,42610.59,43240.33,42495,42890.19,3160.74653782
2024-01-13 18:00:00,42889.12,43035.36,42691.23,42839.33,2035.03018613
2024-01-14 00:00:00,42839.32,42883.62,42550,42737.8,1607.1736301
2024-01-14 06:00:00,42737.79,43064.13,42736.04,42814.52,1057.50349703
2024-01-14 12:00:00,42814.97,42995.16,42705.88,42962.24,1161.31889486
2024-01-14 18:00:00,42961.26,42994.29,41680.73,41697.33,4008.26553166
2024-01-15 00:00:00,41698.13,42810.75,41680,42727.84,3057.91359536
2024-01-15 06:00:00,42727.81,42780.82,42500,42677.05,2146.91671373
2024-01-15 12:00:00,42674.75,42932.82,42133.97,42668.97,2594.87200196
2024-01-15 18:00:00,42669.67,43331.91,42317.48,42490.16,3069.75599471
2024-01-16 00:00:00,42481.69,42908.81,42438.58,42725.63,2004.37549639
2024-01-16 06:00:00,42724.92,43112.62,42565,42862.62,1715.22383404
2024-01-16 12:00:00,42862.96,43417.79,42028.02,43040.87,6681.68472011
2024-01-16 18:00:00,43039.73,43569.23,42821.62,43130.45,7779.15649006
2024-01-17 00:00:00,43130.35,43185.47,42740.88,42760.71,1528.83576032
2024-01-17 06:00:00,42761.09,42854.24,42538.5,42652.34,1374.22833882
2024-01-17 12:00:00,42650.48,42895.39,42160,42331.83,5106.50498703
2024-01-17 18:00:00,42331.98,42844.18,42236.8,42739.49,8372.27162973
2024-01-18 00:00:00,42737.68,42749.95,42471.19,42728.56,1442.89135203
2024-01-18 06:00:00,42728.74,42877.22,42335.46,42493.86,2995.47903415
2024-01-18 12:00:00,42493.86,42768.01,41429.97,41756.71,6802.72817536
2024-01-18 18:00:00,41754.45,41855.95,40600.05,41293.5,13856.32543048
2024-01-19 00:00:00,41290.57,41331.7,40710,41165.96,2485.73232827
2024-01-19 06:00:00,41167.45,41532.11,41089.23,41420.51,2853.65282845
2024-01-19 12:00:00,41420.46,41443.62,40236.49,41181.49,7952.22012908
2024-01-19 18:00:00,41178.72,42159.52,40950.83,41624.07,9453.94742593
2024-01-20 00:00:00,41623.94,41666.67,41418.55,41603.31,1221.51274865
2024-01-20 06:00:00,41602.28,41749.99,41428.19,41557.73,1117.06235896
2024-01-20 12:00:00,41557.74,41671.36,41452.86,41560.43,1073.52849986
2024-01-20 18:00:00,41555.81,41846.15,41500,41666.67,1424.52764222
2024-01-21 00:00:00,41666.67,41709.16,41601.01,41609.82,652.52176004
2024-01-21 06:00:00,41609.82,41803.92,41547.42,41697.82,448.19160095
2024-01-21 12:00:00,41697.82,41858.59,41510.02,41655.17,1001.72953708
2024-01-21 18:00:00,41655.14,41789.61,41472.49,41554.05,1035.82004642
2024-01-22 00:00:00,41553.92,41658,40663.99,41099.71,3352.51775036
2024-01-22 06:00:00,41099.71,41275.5,40331.48,40771.74,3654.97201821
2024-01-22 12:00:00,40771.73,41200,40306,40660.87,6091.07074177
2024-01-22 18:00:00,40663.14,40745.14,39372.44,39524.27,13440.78287654
2024-01-23 00:00:00,39524.27,40144.49,39467.29,40020,2842.5279302
2024-01-23 06:00:00,40020,40082.62,38600.9,38809.59,4775.67295828
2024-01-23 12:00:00,38807.6,39606.27,38501,39363.76,6202.75679946
2024-01-23 18:00:00,39363.76,39891.68,38953.91,39878.3,8145.60565851
2024-01-24 00:00:00,39878.28,40260.35,39535.85,39766.8,2597.71916932
2024-01-24 06:00:00,39764.66,40527.26,39630.92,40192.06,2028.0826488
2024-01-24 12:00:00,40190.88,40284.4,39728.78,40115.45,5016.65245842
2024-01-24 18:00:00,40114.01,40169.97,39382.15,40077.78,7796.52307014
2024-01-25 00:00:00,40079.87,40170,39770,39855.74,2185.10985289
2024-01-25 06:00:00,39851.68,40282.87,39850.8,40154.39,1108.84201826
2024-01-25 12:00:00,40157.67,40264.95,39503,39773.73,3746.10089504
2024-01-25 18:00:00,39790.85,40000,39583.56,39941.66,5938.68035431
2024-01-26 00:00:00,39941.66,40220.88,39805.95,40084.58,1293.51675433
2024-01-26 06:00:00,40084.58,41319.01,39880.36,41261.89,3090.06525057
2024-01-26 12:00:00,41265.51,42013.99,40897.4,41895.36,9337.83115937
2024-01-26 18:00:00,41895.95,42243.14,41794.4,41814.8,5637.96604669
2024-01-27 00:00:00,41814.96,41936.45,41705.3,41755.62,888.75479666
2024-01-27 06:00:00,41755.61,41810.6,41383.94,41759.24,1091.76003749
2024-01-27 12:00:00,41758.89,41903.27,41704.87,41778.41,739.01455356
2024-01-27 18:00:00,41778.89,42199.99,41740.67,42126.55,1054.92117663
2024-01-28 00:00:00,42126.55,42839.07,41935.68,42556.19,1366.04577292
2024-01-28 06:00:00,42556.1,42697.87,42295.2,42475.46,829.1647264
2024-01-28 12:00:00,42475.56,42537.84,42093.1,42160.07,949.46721744
2024-01-28 18:00:00,42160.07,42171.31,41617.53,42034.59,1153.76492136
2024-01-29 00:00:00,42034.57,42495.61,41877.37,42126.01,1182.20380307
2024-01-29 06:00:00,42126.02,42377.86,41947.08,42238.56,768.56033237
2024-01-29 12:00:00,42240.44,43326.77,41787.35,42990.37,5556.55466654
2024-01-29 18:00:00,42990.37,43315.69,42875.71,43306.18,5021.77375784
2024-01-30 00:00:00,43303.3,43787.35,43136.76,43368.67,2939.16783281
2024-01-30 06:00:00,43365.2,43558.98,43220,43526.96,1511.31233491
2024-01-30 12:00:00,43526.95,43872.99,43115.47,43397.58,5110.10705081
2024-01-30 18:00:00,43396.5,43786.7,42680.2,42942.78,6824.02497882
2024-01-31 00:00:00,42937.72,43116.79,42640.69,42959.35,1693.47513738
2024-01-31 06:00:00,42957.94,43062.13,42335.02,42618.1,1426.82186886
2024-01-31 12:00:00,42615.27,43741.1,42484.34,43706.5,5663.76372132
2024-01-31 18:00:00,43707.61,43741.94,42265.77,42548.08,6536.55971329
2024-02-01 00:00:00,42545.47,42657.94,41846.04,42107.77,3009.88281916
2024-02-01 06:00:00,42108.47,42290.31,42002.49,42042.98,1063.32042262
2024-02-01 12:00:00,42043.19,43158.37,41903.54,42907.66,4384.11435124
2024-02-01 18:00:00,42905.56,43276.19,42758.5,43078.81,3069.31623771
2024-02-02 00:00:00,43080.38,43407.74,42922.04,43085.62,1119.45961101
2024-02-02 06:00:00,43085.15,43241.77,42913.88,43135.83,1087.77518057
2024-02-02 12:00:00,43134.98,43700,42527.58,42929.65,6245.01496698
2024-02-02 18:00:00,42928.09,43218.61,42761.5,43181.66,3749.99150039
2024-02-03 00:00:00,43183.62,43358.13,43071.43,43154.82,634.64649293
2024-02-03 06:00:00,43154.81,43154.81,42950,42978.07,363.70296062
2024-02-03 12:00:00,42979.06,43257.12,42863.58,43217.39,718.00232807
2024-02-03 18:00:00,43217.39,43234.23,42934.46,43010.67,538.10157377
2024-02-04 00:00:00,43007.82,43072.3,42850.03,42874.78,453.59368851
2024-02-04 06:00:00,42874.78,43100,42716.82,43043.21,501.6536532
2024-02-04 12:00:00,43040.35,43099.99,42818.54,42881.84,438.10009294
2024-02-04 18:00:00,42881.84,42963.35,42228.01,42568.55,1249.90421435
2024-02-05 00:00:00,42571.91,42786.43,42235,42745.6,1078.36981991
2024-02-05 06:00:00,42745.6,43227.82,42662.87,43155.05,1118.30732464
2024-02-05 12:00:00,43152.44,43520,42435,42664.22,3644.68523275
2024-02-05 18:00:00,42664.43,42820.74,42270,42657.67,2915.51569164
2024-02-06 00:00:00,42658.3,42911.34,42516.07,42731.6,869.2950808
2024-02-06 06:00:00,42731.6,43074.88,42615.38,42784.73,1290.29154977
2024-02-06 12:00:00,42777.34,43372.79,42615.22,43170.18,3196.53767599
2024-02-06 18:00:00,43170.19,43310.53,42981.97,43095.79,2584.24400265
2024-02-07 00:00:00,43097.16,43185.2,42760.44,43000.58,1333.73544583
2024-02-07 06:00:00,42998.71,43181.63,42813,42910.27,810.32745212
2024-02-07 12:00:00,42910.27,43678,42860.53,43471.7,3791.33720875
2024-02-07 18:00:00,43472.67,44430,43415.43,44343.61,6504.96842581
2024-02-08 00:00:00,44345.94,44799.99,44335,44552.38,3076.67373391
2024-02-08 06:00:00,44552.39,44900,44419.36,44699.38,3137.23034772
2024-02-08 12:00:00,44700.01,45519.31,44609.52,45042.04,6959.40246738
2024-02-08 18:00:00,45042.08,45637.38,44992.7,45305.2,6110.49925886
2024-02-09 00:00:00,45304.83,46395.33,45252.93,46268.35,3089.94838639
2024-02-09 06:00:00,46267.2,47300.5,46133.15,47186.88,2793.61802005
2024-02-09 12:00:00,47185.87,47723.78,46662.51,47680.78,8848.41726835
2024-02-09 18:00:00,47680.78,48230.02,47073.53,47160.41,7376.86700064
2024-02-10 00:00:00,47157.01,47524.67,47070.39,47370.44,1347.50535768
2024-02-10 06:00:00,47370.43,47393.78,46889.53,47224.84,1283.78791127
2024-02-10 12:00:00,47224.85,47414.96,47132.21,47228.12,1055.13185108
2024-02-10 18:00:00,47231.18,48179.43,47208.19,47767.06,1976.88477097
2024-02-11 00:00:00,47767.06,48614,47590.3,48251.5,1901.666026
2024-02-11 06:00:00,48255.91,48463.55,47943.12,48432.1,703.00524429
2024-02-11 12:00:00,48431.77,48491.23,47952,48314.15,1232.68171064
2024-02-11 18:00:00,48314.15,48400,47984.17,48316.3,1405.77308967
2024-02-12 00:00:00,48321.14,48828.36,48035,48082.8,1719.36816025
2024-02-12 06:00:00,48085.64,48397.59,47715.67,47911.23,1434.09107452
2024-02-12 12:00:00,47909.28,50363.42,47846.09,49886.55,9139.48516773
2024-02-12 18:00:00,49879.61,50329.43,49530,49941.81,6252.14285602
2024-02-13 00:00:00,49941.95,50423.42,49760,50078.59,2379.34024176
2024-02-13 06:00:00,50078.6,50270.75,49674.83,50009.06,2751.91533502
2024-02-13 12:00:00,50011,50017.75,48327.81,48854.9,8164.38060483
2024-02-13 18:00:00,48854.35,49808.67,48829.3,49725.36,7175.93172211
2024-02-14 00:00:00,49724.55,49747.33,49253.92,49572.15,1731.74650156
2024-02-14 06:00:00,49572.15,51760.27,49539.21,51568.83,5453.85522906
2024-02-14 12:00:00,51568.83,52111,51250,51701.13,8095.10094166
2024-02-14 18:00:00,51701.16,51945.83,51219.5,51858.59,4969.24102505
2024-02-15 00:00:00,51858.51,52557.61,51762.05,52012.13,3187.93992192
2024-02-15 06:00:00,52012.12,52550,51694.5,52373,2428.84558706
2024-02-15 12:00:00,52377.47,52890,51755.95,51909.11,7016.79646767
2024-02-15 18:00:00,51909.1,52100,51353.49,51934.29,5831.4620672
2024-02-16 00:00:00,51935.23,52400,51861.19,52090.89,2236.8487102
2024-02-16 06:00:00,52090.89,52451.49,51597.87,52240.08,2395.44315797
2024-02-16 12:00:00,52240.08,52608.2,51620.7,52047.61,5120.11216426
2024-02-16 18:00:00,52046.12,52267.43,51673.47,52162.64,4063.86948039
2024-02-17 00:00:00,52162.65,52214.05,51818.79,51949.99,726.79905896
2024-02-17 06:00:00,51949.98,51984.99,51513.03,51706.32,748.34168321
2024-02-17 12:00:00,51705.7,51760.96,50642.36,51223.71,2527.90565391
2024-02-17 18:00:00,51223.71,52030,51148.12,51666.22,1384.30226152
2024-02-18 00:00:00,51666.23,51814,51174.38,51667.24,929.38028233
2024-02-18 06:00:00,51665.97,52081.25,51417.67,51838.22,677.0959234
2024-02-18 12:00:00,51836.92,51994.97,51544.96,51857.34,843.96370024
2024-02-18 18:00:00,51859.11,52400,51617.17,52153.63,1546.73153301
2024-02-19 00:00:00,52153.63,52455.99,51912.96,52136.45,1136.6327068
2024-02-19 06:00:00,52136.18,52501.01,52076.42,52351.06,1108.51434079
2024-02-19 12:00:00,52351.07,52467.65,51687.98,52171.48,2122.05464204
2024-02-19 18:00:00,52165.04,52218.85,51706.12,51787.05,1641.81282999
2024-02-20 00:00:00,51787.05,51986.97,51311.28,51901.4,1743.61698618
2024-02-20 06:00:00,51902.22,52393.23,51556.54,52301.61,3246.82399502
2024-02-20 12:00:00,52301.62,53000,50764.01,51326.29,6732.42849407
2024-02-20 18:00:00,51324.22,52547.98,51238.17,52277.52,4166.00652447
2024-02-21 00:00:00,52277.53,52394.91,51817.05,51840.67,1911.64302971
2024-02-21 06:00:00,51840.66,51906.82,50806.1,50961.01,2661.95680628
2024-02-21 12:00:00,50966.22,51463.97,50628.6,50927.33,4078.7117448
2024-02-21 18:00:00,50928.96,51955.88,50650.94,51851.67,5082.7224917
2024-02-22 00:00:00,51851.46,51881.47,51147.7,51507.92,1512.43629141
2024-02-22 06:00:00,51507.92,52008.16,51502.82,51607.58,2505.48122866
2024-02-22 12:00:00,51607.57,51740.63,50905.65,51694.5,4191.80475634
2024-02-22 18:00:00,51694.5,52076,51170,51258.7,4894.79180446
2024-02-23 00:00:00,51260.29,51512.68,50950,51223.79,1502.6244464
2024-02-23 06:00:00,51224.56,51299.02,50819.9,51208.12,1774.53285483
2024-02-23 12:00:00,51208.06,51306.65,50619.81,51127.79,5642.45654989
2024-02-23 18:00:00,51127.79,51190.91,50513.01,50747.05,2759.55240712
2024-02-24 00:00:00,50746.98,51056.99,50576.55,51032.69,883.40456069
2024-02-24 06:00:00,51035.84,51165.67,50923.62,51114.56,409.40765827
2024-02-24 12:00:00,51112.77,51696.19,51018.97,51531.92,930.84442902
2024-02-24 18:00:00,51531.9,51693.07,51394.85,51570.65,1225.30911993
2024-02-25 00:00:00,51568.63,51894.97,51431.15,51666.13,921.95414275
2024-02-25 06:00:00,51662.25,51809.24,51530.52,51643.85,536.44570659
2024-02-25 12:00:00,51642.02,51790.56,51275.01,51558.76,915.17772669
2024-02-25 18:00:00,51560.23,51967.82,51491.27,51731,1243.82349206
2024-02-26 00:00:00,51730.96,51799.52,51404,51572.91,1485.0180062
2024-02-26 06:00:00,51572.91,51611.69,50901.23,51079.93,1232.52177301
2024-02-26 12:00:00,51080.44,53687.22,50941.78,53527.32,8906.95772375
2024-02-26 18:00:00,53532.6,54980,53335.02,54533.48,10797.89013558
2024-02-27 00:00:00,54530.32,57250,54490.8,56089.72,8390.73155721
2024-02-27 06:00:00,56088.01,56870.98,55840.66,56574.01,3424.78127408
2024-02-27 12:00:00,56574,57464.33,56239.38,56795.72,8707.28755634
2024-02-27 18:00:00,56796.49,57646.81,56619.69,57077.07,8268.68612968
2024-02-28 00:00:00,57077.08,57321.13,56723.48,57117.39,2310.94275838
2024-02-28 06:00:00,57117.39,59554.99,57088.88,58993.35,6255.37622891
2024-02-28 12:00:00,58998.95,64100,58325,61437.39,21737.76359901
2024-02-28 18:00:00,61435.95,62746.68,59225.29,62518.9,17961.5895308
2024-02-29 00:00:00,62520.06,62688.94,61046.78,62535.58,6377.49860916
2024-02-29 06:00:00,62540.78,63675.48,62123.89,62936.22,6062.12149959
2024-02-29 12:00:00,62934.66,63616.91,60470.82,60986.38,12332.10497132
2024-02-29 18:00:00,60984.81,62427.05,60355.61,61179.03,12054.17027078
2024-03-01 00:00:00,61179.03,61783.98,60788.33,61330.67,3914.20462945
2024-03-01 06:00:00,61328.93,62289.99,61218.37,61903.59,3615.62898331
2024-03-01 12:00:00,61901.53,62713.16,61062.9,61927.62,8665.80621274
2024-03-01 18:00:00,61927.01,63267.18,61835,62436.72,8501.01709995
2024-03-02 00:00:00,62439.74,62500,61818.89,62081.22,2502.04163383
2024-03-02 06:00:00,62084.1,62338.77,61718.91,61914.98,1325.67786921
2024-03-02 12:00:00,61914.48,62240.03,61623.39,61829.86,1665.46299361
2024-03-02 18:00:00,61829.92,62266.92,61757.69,62045.78,1389.20160586
2024-03-03 00:00:00,62045.78,62143.66,61675.19,61927.52,1239.52210891
2024-03-03 06:00:00,61927.52,62085.87,61388,61870.72,1492.00298195
2024-03-03 12:00:00,61869.66,63035.85,61852,62606.77,2610.85862277
2024-03-03 18:00:00,62610.77,63260,62607.79,63154.49,1971.79258605
2024-03-04 00:00:00,63155.74,64300,62300,63397.59,5620.89270748
2024-03-04 06:00:00,63394.9,65614.97,63360,65272.25,6305.5653011
2024-03-04 12:00:00,65266.43,67611,64635.13,66945,12278.36893192
2024-03-04 18:00:00,66951.91,68602.98,66188,68360.14,16395.53962839
2024-03-05 00:00:00,68356.7,68849.84,65128,66990.58,9161.02233585
2024-03-05 06:00:00,66996.72,67538.95,65572.87,66701.69,5582.68112293
2024-03-05 12:00:00,66701.75,69324.58,63300,65606.63,21684.94724642
2024-03-05 18:00:00,65606.48,65611.53,59224.68,63800.78,29146.44466807
2024-03-06 00:00:00,63802.15,66456.29,62832.39,66442.11,6708.17802521
2024-03-06 06:00:00,66450.34,67654.06,65523.08,67312.8,6716.19660383
2024-03-06 12:00:00,67304.9,67603.74,64700,67437.83,13136.50408429
2024-03-06 18:00:00,67437.89,67602.06,65762.09,66122.28,8095.10928094
2024-03-07 00:00:00,66115.48,66525.99,65599.63,65870.34,3947.23717145
2024-03-07 06:00:00,65867.04,67314.19,65733.33,66950,2792.7498046
2024-03-07 12:00:00,66950,68098.09,66629.72,67689.06,8240.76391717
2024-03-07 18:00:00,67689.06,68089.49,66925,66938.21,7247.61650592
2024-03-08 00:00:00,66938.21,67358.89,66855.86,66988.71,1934.75265775
2024-03-08 06:00:00,66988.71,67838.04,66917.4,67817.99,3218.96603077
2024-03-08 12:00:00,67821.38,70199,66157.09,68462.05,17748.42685344
2024-03-08 18:00:00,68454.08,69560,68050.01,68289.16,10847.38243348
2024-03-09 00:00:00,68289.16,68499.36,68047.62,68402.35,2375.60735302
2024-03-09 06:00:00,68402.98,68700.41,68109.16,68453.58,2236.52387036
2024-03-09 12:00:00,68453.45,68687.94,68163.94,68313.06,2448.70636519
2024-03-09 18:00:00,68316,68598.37,68277.28,68480,1944.6723333
2024-03-10 00:00:00,68480.01,69790.45,68367.3,69469.88,3688.19584924
2024-03-10 06:00:00,69472.7,70000,69189.51,69706.81,3058.00887754
2024-03-10 12:00:00,69706.81,69978.29,68816,69555.88,2663.75141766
2024-03-10 18:00:00,69554.09,69615.06,68221.13,69032.12,2753.10098925
2024-03-11 00:00:00,69032.8,69038.7,67112.21,68583.16,3623.84265466
2024-03-11 06:00:00,68584.84,72303.04,68483.51,71551.7,8800.44583688
2024-03-11 12:00:00,71551.85,72764.36,71350.55,72569.01,11803.06320813
2024-03-11 18:00:00,72569.02,72943.98,71810.14,72110.98,8105.37413262
2024-03-12 00:00:00,72110.98,72505.1,71324.02,71988.94,3518.57575148
2024-03-12 06:00:00,71983.49,72375.33,71432.68,72050.43,2599.44731608
2024-03-12 12:00:00,72044.26,73027.63,68603,71091.3,14936.57591997
2024-03-12 18:00:00,71086.82,71709.07,70351.07,71475.93,8365.59378901
2024-03-13 00:00:00,71473.43,72244.53,71337.3,72193.07,2692.23739616
2024-03-13 06:00:00,72195.33,73709.99,72138.43,73104.78,4203.5849239
2024-03-13 12:00:00,73106.57,73291.05,71700,72913.58,7781.29714804
2024-03-13 18:00:00,72916.97,73549.48,72811,73135.04,6778.80248878
2024-03-14 00:00:00,73135.04,73732.64,72530.01,73209.94,3133.16070948
2024-03-14 06:00:00,73209.94,73835.57,72664.21,72925.89,3341.21870714
2024-03-14 12:00:00,72926.37,73096.88,69813.74,71000.92,12774.11017285
2024-03-14 18:00:00,71000.43,71706.81,68454.47,71364.58,14978.11302853
2024-03-15 00:00:00,71364.58,72414.96,66729.59,67403.83,13041.78400973
2024-03-15 06:00:00,67401.03,68811.82,65565.7,67691.99,9044.50576312
2024-03-15 12:00:00,67687.52,68731.93,67379.08,68216.56,8142.91975722
2024-03-15 18:00:00,68216.56,70647.85,67423.23,69506.88,9966.63278171
2024-03-16 00:00:00,69514.87,70050,68589.24,68967.65,2900.83857409
2024-03-16 06:00:00,68967.65,69443.79,67722.32,68257.9,2204.75344746
2024-03-16 12:00:00,68255.81,68480.64,67124.06,67264.54,3358.48027461
2024-03-16 18:00:00,67286.85,67664.96,64774.05,65254.22,8068.75300684
2024-03-17 00:00:00,65254.22,66545,65050.02,66203.9,3067.01803431
2024-03-17 06:00:00,66203.9,67429.36,64505,66881.99,3885.11218545
2024-03-17 12:00:00,66881.82,68626.39,66347.62,68482.54,3213.94820931
2024-03-17 18:00:00,68487.98,68877.82,67915.46,68343.64,2465.77241205
2024-03-18 00:00:00,68354.29,68933.71,66754.64,68656.55,3088.7580671
2024-03-18 06:00:00,68653.15,68684.86,67280.31,68209.03,2131.22949025
2024-03-18 12:00:00,68200.52,68576.57,66562.65,67377.06,8367.03164311
2024-03-18 18:00:00,67377.06,67999,66871,67613.04,6470.35659982
2024-03-19 00:00:00,67609.39,68136.39,64600,65188.92,7058.7814082
2024-03-19 06:00:00,65181.1,65421.59,62438.61,63045.73,9775.87112665
2024-03-19 12:00:00,63044.7,65769.87,62312.59,64855.06,13598.5773226
2024-03-19 18:00:00,64846.35,65333.99,61506,61906.27,9678.74568212
2024-03-20 00:00:00,61902.57,63408.2,60771.14,61521.96,9029.45893916
2024-03-20 06:00:00,61518.48,63924.53,61495.57,63358.91,4601.41315885
2024-03-20 12:00:00,63355.24,64766.54,62050.5,64100.65,10985.31691769
2024-03-20 18:00:00,64107.87,68150,63938.9,67858.8,13974.59443918
2024-03-21 00:00:00,67855.88,68234.56,66084.14,67021.64,4378.64105075
2024-03-21 06:00:00,67014.48,67663.61,66641.58,67033.69,2853.8279521
2024-03-21 12:00:00,67027.22,67690.8,65634.3,65702.78,5407.55135735
2024-03-21 18:00:00,65697.01,65917.07,64525,65484.7,5883.94211142
2024-03-22 00:00:00,65478.98,66442.71,65113.63,66427.07,2290.9711544
2024-03-22 06:00:00,66424.87,66651.1,64063.23,64238.31,2536.10663871
2024-03-22 12:00:00,64231.25,64682.53,62570,63578.95,8341.20291336
2024-03-22 18:00:00,63578.94,64159.19,62258.36,63814.56,4639.37859591
2024-03-23 00:00:00,63814.56,64389.77,63013.19,64074.94,2001.82944568
2024-03-23 06:00:00,64077.23,64879.11,63981.09,64637.75,1240.43714895
2024-03-23 12:00:00,64636.78,66029.09,64280.67,65663.21,2510.56405176
2024-03-23 18:00:00,65663.84,65682.15,63886.23,63998.86,1642.25205786
2024-03-24 00:00:00,63998.87,64731.09,63785.57,64308.79,1018.54799261
2024-03-24 06:00:00,64309.48,65368,64040.01,65333.73,944.12830889
2024-03-24 12:00:00,65334.05,65914.96,64616.7,65327.69,1765.20402424
2024-03-24 18:00:00,65322.63,67637.6,65322.63,67204.93,2807.94732546
2024-03-25 00:00:00,67212.69,67747.5,66381.84,67376.94,2199.87663598
2024-03-25 06:00:00,67376.94,67428.99,66755.83,66828.33,1877.3447854
2024-03-25 12:00:00,66827.41,70888,66800.01,70597.33,11522.60828313
2024-03-25 18:00:00,70608.39,71269.92,69577.65,69890.28,6628.30832887
2024-03-26 00:00:00,69895.6,70685.92,69739.8,70332.67,2148.74524113
2024-03-26 06:00:00,70332.67,71582.96,70295.03,70700.82,2971.6371966
2024-03-26 12:00:00,70691.34,71151.98,69269.69,70090.9,6172.17236615
2024-03-26 18:00:00,70090.9,70468.78,69367.19,69992.4,4405.17960477
2024-03-27 00:00:00,69994.9,70739.96,69815.79,70461.42,2261.14254742
2024-03-27 06:00:00,70461.41,70570.84,69412.53,70225.38,1652.49150979
2024-03-27 12:00:00,70224.22,71789.85,68370,68652.9,11020.23798658
2024-03-27 18:00:00,68654.21,69606.92,68369.62,69435.96,3769.86533916
2024-03-28 00:00:00,69437.16,69947.99,68841.01,69689.84,1458.59985172
2024-03-28 06:00:00,69688.89,70920.99,69609.86,70608.22,2267.46224899
2024-03-28 12:00:00,70614.48,71635.99,70284.76,70794.58,8172.11618531
2024-03-28 18:00:00,70800.38,71082.06,70383.44,70801.18,3326.00099587
2024-03-29 00:00:00,70804.06,70941.7,70200,70200,1253.01206613
2024-03-29 06:00:00,70200,70511,69575.7,70160.01,1374.72178225
2024-03-29 12:00:00,70160,70643.76,69036.95,69440.17,3300.03547181
2024-03-29 18:00:00,69440.16,69970.64,69328.26,69903.75,1437.26272335
2024-03-30 00:00:00,69903.74,70363.25,69778.64,70049.83,939.35946411
2024-03-30 06:00:00,70059.81,70237.92,69847.98,70231.41,482.3983153
2024-03-30 12:00:00,70229.76,70342.59,69955,70100.35,686.71272224
2024-03-30 18:00:00,70100.32,70103.21,69569.03,69626.87,1154.15281694
2024-03-31 00:00:00,69623.86,70478.7,69587.86,70366.67,1245.63718292
2024-03-31 06:00:00,70363.46,70477,70162.2,70384.38,610.8509137
2024-03-31 12:00:00,70388.58,70761.57,70307.76,70517.13,880.16140838
2024-03-31 18:00:00,70517.13,71399.91,70441.03,71288.9,1688.02004882
2024-04-01 00:00:00,71291.5,71313.8,69005,69208.43,2559.80214066
2024-04-01 06:00:00,69198.55,69826.29,68910.01,69488.96,2392.54497597
2024-04-01 12:00:00,69487.47,70104.27,68055.15,68751.06,5281.8414938
2024-04-01 18:00:00,68745.64,69942.52,68452.15,69681.82,3682.4115548
2024-04-02 00:00:00,69681.85,69711,65977.98,66801.39,5453.94903503
2024-04-02 06:00:00,66806.48,67195.58,65050,65612.33,5255.29648803
2024-04-02 12:00:00,65612.32,66281.6,64521.61,65620.87,7780.91926553
2024-04-02 18:00:00,65624.1,66247.31,65236.01,65464.14,5006.4215523
2024-04-03 00:00:00,65472,66499.99,64500,66113.08,3276.32653486
2024-04-03 06:00:00,66113.07,66687.26,65568.44,66090.16,2521.78803567
2024-04-03 12:00:00,66089.14,66944.06,65652.82,65987.81,5538.60571226
2024-04-03 18:00:00,65987.82,66320.8,65501.23,65987.92,3169.83906465
2024-04-04 00:00:00,65984.18,66387.77,65073.95,65589.82,2298.1096328
2024-04-04 06:00:00,65589.81,66481,65539.72,66347.37,1515.75805813
2024-04-04 12:00:00,66347.36,68964.99,66320.07,68907.03,8070.83423915
2024-04-04 18:00:00,68906.69,69367.19,67340.75,68525.23,6739.37947017
2024-04-05 00:00:00,68528.69,68783.99,66415.21,66926.23,2970.80674103
2024-04-05 06:00:00,66923.69,67680.4,66379.4,66483.05,2036.49937169
2024-04-05 12:00:00,66502.54,68637,66000,67459.51,6235.30282721
2024-04-05 18:00:00,67461.37,68113.72,67274.59,67856.51,4273.21240213
2024-04-06 00:00:00,67856.51,68258.84,67469.19,68061.5,981.57733837
2024-04-06 06:00:00,68061.5,68215.78,67638.14,67692.35,627.52394851
2024-04-06 12:00:00,67689.01,68500,67565.9,68320,877.29076481
2024-04-06 18:00:00,68320,69685,68187.48,68919.89,1499.04962595
2024-04-07 00:00:00,68919.57,69797.44,68846.23,69435.37,2059.51393089
2024-04-07 06:00:00,69435.36,69585,69153.34,69381.79,447.59411877
2024-04-07 12:00:00,69381.79,70312,69226.96,69803.85,1876.49373894
2024-04-07 18:00:00,69797.53,69845.6,68880.13,69350.34,1382.81759583
2024-04-08 00:00:00,69350.36,69835.44,69037.33,69719.07,1073.60634022
2024-04-08 06:00:00,69719.07,72631.19,69647.81,72366.53,5516.33834967
2024-04-08 12:00:00,72366.53,72777,71224.76,71700.01,6622.9393609
2024-04-08 18:00:00,71702.18,72140,71464.66,71622.53,3435.8087921
2024-04-09 00:00:00,71616.31,71761.37,70855.66,71051.56,1846.01402334
2024-04-09 06:00:00,71049.44,71289.59,69622.17,70794.18,2943.12293458
2024-04-09 12:00:00,70794.17,70964.32,68200,68790.72,6909.83668732
2024-04-09 18:00:00,68788.09,69421.38,68620.4,69117.01,3444.54976852
2024-04-10 00:00:00,69115.79,69583.95,68470.69,69242.37,1681.31076649
2024-04-10 06:00:00,69242.36,69508.19,68628.98,69037.15,1799.47485815
2024-04-10 12:00:00,69037.14,69949.99,67463.07,69359.4,8759.55291496
2024-04-10 18:00:00,69363.5,71159.6,69063.65,70634.04,4415.6492574
2024-04-11 00:00:00,70638.4,71064.44,70271.26,70598.11,2043.87097963
2024-04-11 06:00:00,70596.34,71305.86,69888,69985.32,1895.96392316
2024-04-11 12:00:00,69995.3,71083.96,69530,70201.44,4358.9927215
2024-04-11 18:00:00,70201.44,70774.59,69824.49,70020.73,2702.33685706
2024-04-12 00:00:00,70020.71,71265.74,70001.35,70978.98,2117.81731162
2024-04-12 06:00:00,70974.79,71030,70504.24,70886.01,1555.86062481
2024-04-12 12:00:00,70886.01,70969.77,67350,68110,8956.0286041
2024-04-12 18:00:00,68103.43,68341.6,65110.31,67148.61,10880.04900163
2024-04-13 00:00:00,67148.62,69100,65623.1,67367.21,3661.15175874
2024-04-13 06:00:00,67370.55,67840.6,67104.69,67372.41,1936.70955667
2024-04-13 12:00:00,67372.41,67962.56,66526.01,66755.33,4019.8009674
2024-04-13 18:00:00,66757.63,67287.11,60822.01,64024.77,17930.81012276
2024-04-14 00:00:00,64021.36,64500,62150,64421.94,7133.90479212
2024-04-14 06:00:00,64421.94,64931.05,63898.68,64215.23,3647.69985588
2024-04-14 12:00:00,64215.23,64879.24,62602.17,63880.31,5243.20990935
2024-04-14 18:00:00,63885.6,65890.91,63350,65777.05,5579.23692092
2024-04-15 00:00:00,65764.56,66166.71,64745.48,65512.07,3683.81794499
2024-04-15 06:00:00,65511.61,66928.82,65398.67,65930.87,5313.52525314
2024-04-15 12:00:00,65930.87,66500,63353.56,63946,7149.19454216
2024-04-15 18:00:00,63941.08,64096.13,62315.08,63452.18,5526.19927303
2024-04-16 00:00:00,63452.18,63932.56,61714.56,62740,3636.69216039
2024-04-16 06:00:00,62744.29,63830.72,61645.09,63117.79,2953.71249411
2024-04-16 12:00:00,63114.2,63459.4,61705.43,62506.97,6155.60426843
2024-04-16 18:00:00,62506.96,64400,62441.9,63814.94,4964.27320918
2024-04-17 00:00:00,63814.94,64524.14,63600,63947.46,1719.35132575
2024-04-17 06:00:00,63945.18,64024.87,62570.53,62635.29,2896.33241587
2024-04-17 12:00:00,62633.18,62997.35,59648.33,61288.08,12395.60090766
2024-04-17 18:00:00,61288.12,61977.73,60703.98,61279.36,4800.86832937
2024-04-18 00:00:00,61275.73,62222.95,60934.48,61074.26,1832.57802442
2024-04-18 06:00:00,61085.76,63126.49,60816.07,62623.24,2250.41251633
2024-04-18 12:00:00,62616.8,64210,61618,62834.64,7252.48893579
2024-04-18 18:00:00,62835.28,63863.6,62358,63513.85,3914.36263791
2024-04-19 00:00:00,63514.84,63519.1,59573.32,62096.01,7129.3458016
2024-04-19 06:00:00,62095.98,65479,61840.18,64928.51,4715.4768975
2024-04-19 12:00:00,64920.31,65498.99,63503.76,64677.01,6649.98297478
2024-04-19 18:00:00,64675.89,64704.16,62964.25,63848.37,4343.27366771
2024-04-20 00:00:00,63841.96,64309.69,63121.15,64182.49,1358.35554805
2024-04-20 06:00:00,64194.71,64264.11,63305.35,63728.48,840.6362524
2024-04-20 12:00:00,63728.47,65463.08,63573.36,65233.42,1807.55222881
2024-04-20 18:00:00,65228.26,65357.98,64575.02,64968.87,1150.86323588
2024-04-21 00:00:00,64960.82,65725.81,64632.28,65058.14,1154.98623446
2024-04-21 06:00:00,65058.13,65460.29,64799.94,65251.01,677.45926874
2024-04-21 12:00:00,65251,65397.62,64250,64836.09,1246.17120939
2024-04-21 18:00:00,64837.54,65299.27,64362.87,64952.92,1408.8705196
2024-04-22 00:00:00,64952.92,66469.63,64520,66421.24,2195.29331216
2024-04-22 06:00:00,66419.81,66543.79,65736.4,65910,1727.62236232
2024-04-22 12:00:00,65913.86,66884.95,65664.8,66574.88,4388.78645844
2024-04-22 18:00:00,66580.36,67272.73,66159.86,66859.17,2665.34965345
2024-04-23 00:00:00,66856.07,67225.66,66222.22,66541.08,1183.59562256
2024-04-23 06:00:00,66541.07,66695.25,65875.06,66083.33,1108.47347796
2024-04-23 12:00:00,66083.33,67182.76,65823.66,66773.08,4145.48441055
2024-04-23 18:00:00,66773.09,66891.59,65969.49,66414.16,2402.61398737
2024-04-24 00:00:00,66418,67077.97,66391.68,66735.14,1190.70246544
2024-04-24 06:00:00,66735.14,66888,66191.33,66576.56,1118.37527272
2024-04-24 12:00:00,66572.45,66744.5,64285,64852.91,7993.93737061
2024-04-24 18:00:00,64848.73,64887.87,63542.56,64255.78,4780.53732593
2024-04-25 00:00:00,64255.77,64730,63849.14,64208.69,1448.8794069
2024-04-25 06:00:00,64208.7,64380,63320.88,63831.97,2233.21877655
2024-04-25 12:00:00,63831.47,64835.99,62747.18,64681.67,5922.26561064
2024-04-25 18:00:00,64685.8,65287.69,64428.72,64484.44,3651.93498306
2024-04-26 00:00:00,64484.44,64670,63902.05,64555.84,1709.47223789
2024-04-26 06:00:00,64555.75,64611.71,64055.52,64230.5,1126.92213569
2024-04-26 12:00:00,64227.2,64810,63287.76,63979.53,4950.68575407
2024-04-26 18:00:00,63983.68,64144.77,63648.48,63742.39,2364.88234936
2024-04-27 00:00:00,63742.39,63900,62389,62941.07,2340.00466159
2024-04-27 06:00:00,62941.06,63115.99,62632.9,62819.93,667.4115337
2024-04-27 12:00:00,62817.68,63600,62701,63369.17,1282.82402421
2024-04-27 18:00:00,63370.24,63565.83,62800,63422,1021.92719312
2024-04-28 00:00:00,63422.34,64333.33,63418.33,63919.48,1036.01687648
2024-04-28 06:00:00,63919.47,64032.98,63327.79,63456.46,951.13919248
2024-04-28 12:00:00,63460.76,63842.31,63393.74,63742.75,1036.50919897
2024-04-28 18:00:00,63742.74,63957.72,62743.81,63108.94,1392.30304761
2024-04-29 00:00:00,63109.76,63349.73,62046.78,62438.69,1657.07834058
2024-04-29 06:00:00,62441.39,62673.19,61928.97,62241.3,1743.84831074
2024-04-29 12:00:00,62234.11,63234,61741.01,63009.84,4331.06990203
2024-04-29 18:00:00,63008.53,64200,62514.74,63844.85,2980.13898981
2024-04-30 00:00:00,63845.01,64727.81,63060.3,63315.5,2197.73391727
2024-04-30 06:00:00,63319.63,63467.34,61000,61191.08,3524.0406038
2024-04-30 12:00:00,61191.32,61525.05,60012.74,60315.71,7616.96218937
2024-04-30 18:00:00,60315.29,60990.48,59040.3,60622.1,7767.91869714
2024-05-01 00:00:00,60621.2,60785.49,59507.76,59975.29,2310.32947408
2024-05-01 06:00:00,59970.95,60034.01,56500,57835.99,7571.14014102
2024-05-01 12:00:00,57829.64,58231.51,56555,57350,6693.03620373
2024-05-01 18:00:00,57353.23,59423.42,56686.4,58265.59,10037.42545457
2024-05-02 00:00:00,58267.81,58526.89,56903.79,57432.63,2426.14839975
2024-05-02 06:00:00,57435.46,58672.06,57361.3,58541.17,2493.49942991
2024-05-02 12:00:00,58542.79,59482.92,58222.17,59201.81,5337.24958257
2024-05-02 18:00:00,59200.85,59641.03,58648.83,59071.89,3336.11164665
2024-05-03 00:00:00,59070.3,60016.9,58821.05,59543.35,1974.38067031
2024-05-03 06:00:00,59543.35,59588.2,58853.83,59291.26,1260.41061219
2024-05-03 12:00:00,59293.21,62205.52,58990.02,61823.32,8060.18553717
2024-05-03 18:00:00,61823.31,63365.72,61592.66,62913.03,4659.3135074
2024-05-04 00:00:00,62913.03,63612.27,62565.82,63405.76,1641.74467894
2024-05-04 06:00:00,63402.33,64546,62901.01,63887.11,1921.80637997
2024-05-04 12:00:00,63890.97,64177.39,63340.02,63473.01,1741.05840857
2024-05-04 18:00:00,63473,64221.13,63405.92,63902.88,1109.96517604
2024-05-05 00:00:00,63902.88,64193.57,62908.34,63229.54,1355.5766172
2024-05-05 06:00:00,63229.9,63968.57,63174.13,63871.7,695.28999056
2024-05-05 12:00:00,63871.69,64636.75,63634.7,64227.82,1284.23317678
2024-05-05 18:00:00,64227.82,64265.35,63576.51,64023.45,1139.41980736
2024-05-06 00:00:00,64023.45,64500,63713.84,64186.7,1154.30717827
2024-05-06 06:00:00,64186.69,65523.44,63831.63,64215.23,2508.70858607
2024-05-06 12:00:00,64218.33,64341.79,62919.71,63176.46,4790.23658752
2024-05-06 18:00:00,63177.28,63612.25,62704.48,63162.24,2788.51982158
2024-05-07 00:00:00,63161.35,63968.29,62845.74,63569.26,1953.60988918
2024-05-07 06:00:00,63569.26,64415.06,63358.94,63498.65,1928.82031266
2024-05-07 12:00:00,63498.66,64346.72,63066.68,63391.45,2464.39349666
2024-05-07 18:00:00,63391.44,63395.36,62252.64,62315.76,2648.11403152
2024-05-08 00:00:00,62315.75,63013.05,62100.18,62606.2,1370.10411432
2024-05-08 06:00:00,62610.07,62705.82,62032,62237.26,1372.35198055
2024-05-08 12:00:00,62244.47,62817.15,61756.94,62584.49,2328.62827377
2024-05-08 18:00:00,62584.49,62750,60851.04,61169.53,2415.34159985
2024-05-09 00:00:00,61169.53,61776.99,61113.7,61548.98,879.65613262
2024-05-09 06:00:00,61548.24,61754.6,60601.6,61031.39,1345.09209198
2024-05-09 12:00:00,61031.39,62678.85,60854.2,61932.88,3833.13821223
2024-05-09 18:00:00,61932.78,63424.14,61869.37,63073.57,2302.16894557
2024-05-10 00:00:00,63073.55,63092.12,62654.61,62768.55,1213.46457994
2024-05-10 06:00:00,62768.4,63380,62739.93,63292.22,1225.86417142
2024-05-10 12:00:00,63292.23,63470,60150,60370.75,6602.80011048
2024-05-10 18:00:00,60369.01,60996.63,60199.99,60787.47,2469.00104792
2024-05-11 00:00:00,60787.99,61075,60637.34,60911.38,585.18029043
2024-05-11 06:00:00,60909.62,61063.88,60450.13,60658.18,456.15215549
2024-05-11 12:00:00,60658.51,61482,60609.94,61082.9,774.11816923
2024-05-11 18:00:00,61082.68,61282.78,60745.01,60814.63,522.61749322
2024-05-12 00:00:00,60814.64,61099.49,60787.49,61020.18,393.60572034
2024-05-12 06:00:00,61025.1,61337.85,60576.05,61117.02,534.92906108
2024-05-12 12:00:00,61117.03,61843.45,61051.09,61594.68,927.26909945
2024-05-12 18:00:00,61594.69,61639,60899.05,61453.02,839.17189848
2024-05-13 00:00:00,61453.01,61772.44,60738.51,60854.33,1317.81504132
2024-05-13 06:00:00,60854.32,63269.09,60783.19,62713.26,2631.55118246
2024-05-13 12:00:00,62713.26,63456.18,62401.51,62797.51,3682.98429832
2024-05-13 18:00:00,62797.51,63200,62541.47,62932.37,1538.45812905
2024-05-14 00:00:00,62927.44,63103.02,61433,62653.53,7758.21822003
2024-05-14 06:00:00,62653.53,62653.53,61359.9,61751.35,1407.13320193
2024-05-14 12:00:00,61751.35,62264,61024.51,61265.05,3061.86393926
2024-05-14 18:00:00,61265.05,61749.29,61165.61,61539.84,1229.39771512
2024-05-15 00:00:00,61539.7,62059.99,61299.57,61917.71,1063.3631932
2024-05-15 06:00:00,61917.72,62994.18,61811.77,62467.84,1742.45093679
2024-05-15 12:00:00,62467.85,65189.16,62408.49,65097.9,10734.15758006
2024-05-15 18:00:00,65097.89,66480,65010.04,66244.69,8281.4168772
2024-05-16 00:00:00,66244.68,66699.95,65756.22,65797.24,1919.33861058
2024-05-16 06:00:00,65794.1,66597.47,65666.25,66523.49,2311.96175142
2024-05-16 12:00:00,66516.53,66772.83,64588.5,64980.07,4933.11891576
2024-05-16 18:00:00,64980.07,65589.87,64829.62,65252.18,2848.28269406
2024-05-17 00:00:00,65252.17,65878.8,65113.46,65714.83,1147.96521134
2024-05-17 06:00:00,65714.83,66574.79,65586.78,66228.02,2015.0530437
2024-05-17 12:00:00,66228.02,67500,65822.9,66741.3,5909.4614223
2024-05-17 18:00:00,66741.3,67126.3,66251.22,67046.33,2637.52756161
2024-05-18 00:00:00,67046.34,67110.78,66756.95,66881.44,918.44394203
2024-05-18 06:00:00,66881.45,67407.79,66753.86,67216.55,1028.61229106
2024-05-18 12:00:00,67216.55,67273,66624.06,66881.3,1304.48454501
2024-05-18 18:00:00,66881.3,67067.03,66779.9,66923.87,629.04036162
2024-05-19 00:00:00,66923.87,67300,66850,67111.95,533.81060133
2024-05-19 06:00:00,67111.95,67701.91,66936.32,67341.14,958.54312642
2024-05-19 12:00:00,67341.13,67341.13,66550.01,66722.04,966.41278593
2024-05-19 18:00:00,66722.05,66771.54,65852.02,66261.62,1106.34694797
2024-05-20 00:00:00,66260.04,67296,66057.03,67144.8,1418.35064541
2024-05-20 06:00:00,67144.79,67348,66300,67002.76,1776.01524346
2024-05-20 12:00:00,67002.77,68679.73,66750,68371.26,5771.65903517
2024-05-20 18:00:00,68371.27,71560.9,68338.15,71432.17,11449.86199305
2024-05-21 00:00:00,71432.16,71980,70695.03,71183.56,4493.41489918
2024-05-21 06:00:00,71183.57,71440.28,70830.01,71103.32,2213.72298754
2024-05-21 12:00:00,71104.31,71465.74,69500.03,69829.97,5313.0326315
2024-05-21 18:00:00,69829.98,70384.4,69146.01,70142.84,4081.89080723
2024-05-22 00:00:00,70142.88,70361.98,69206.96,69905.16,1648.33278944
2024-05-22 06:00:00,69905.17,70273.98,69564.05,69728.82,1198.18659144
2024-05-22 12:00:00,69728.81,70659.99,69415.87,69865.39,3586.11771365
2024-05-22 18:00:00,69865.39,69966.41,68887.52,69109.93,4456.46591451
2024-05-23 00:00:00,69109.93,69580.16,69109.93,69433.63,1370.22016233
2024-05-23 06:00:00,69431.82,70030.78,69324.95,69947.98,1293.62709767
2024-05-23 12:00:00,69940.72,70066.95,67550,67593.11,5133.11820259
2024-05-23 18:00:00,67593.13,68286.66,66259,67940.45,6543.3129733
2024-05-24 00:00:00,67932.79,67992.75,67059.27,67268.82,1184.04755468
2024-05-24 06:00:00,67262.33,67564.51,66587.91,67311.27,1283.88552546
2024-05-24 12:00:00,67304.78,68928.37,66879.86,68889.56,4320.40446009
2024-05-24 18:00:00,68891.77,69278.75,67800,68547.8,3586.62234062
2024-05-25 00:00:00,68545.52,68891.1,68487.44,68696.08,522.05864913
2024-05-25 06:00:00,68696.08,69605.03,68587.22,69093.63,701.83567083
2024-05-25 12:00:00,69093.92,69297.32,68841.52,69055.35,770.37580549
2024-05-25 18:00:00,69056.32,69364.82,69033.47,69289.67,506.84889414
2024-05-26 00:00:00,69289.69,69318.73,68811,69114.68,363.79833152
2024-05-26 06:00:00,69117,69522,68950.94,69105.77,381.52058847
2024-05-26 12:00:00,69105.77,69352.22,68638.57,68756.02,614.26202512
2024-05-26 18:00:00,68756.02,68884.55,68097.38,68473.72,678.09234578
2024-05-27 00:00:00,68470.8,69273.07,68280.89,68489.93,751.03087289
2024-05-27 06:00:00,68489.93,68891.25,68210.12,68392.32,617.20649047
2024-05-27 12:00:00,68392.31,70613.39,68329.79,70107.88,2414.49268593
2024-05-27 18:00:00,70109.04,70195.79,69004.23,69368.72,1601.89273134
2024-05-28 00:00:00,69366.31,69533.96,67437.11,67995.18,2459.03728874
2024-05-28 06:00:00,67997.82,68835.48,67515.52,68327.37,1656.99996667
2024-05-28 12:00:00,68327.35,68500,67457.63,67684.54,4139.72735259
2024-05-28 18:00:00,67687.76,68608.76,67194.59,68321.98,3720.16625528
2024-05-29 00:00:00,68321.99,68864.11,68188.05,68520.94,1396.20310164
2024-05-29 06:00:00,68518.95,68598.33,67536.4,67699.64,1609.19571966
2024-05-29 12:00:00,67703.24,68222.22,67090.01,67546.83,3730.60795154
2024-05-29 18:00:00,67546.83,67752.66,67081.66,67569.45,2234.01381785
2024-05-30 00:00:00,67569.44,68359.69,67411.78,68089.62,1699.96324545
2024-05-30 06:00:00,68089.48,68139.48,67092.91,67761.64,1701.27324069
2024-05-30 12:00:00,67762.22,69536.89,67702,69344.95,5196.44945718
2024-05-30 18:00:00,69344.95,69448.3,68043.74,68338.58,3243.57787561
2024-05-31 00:00:00,68338.58,68715.1,68255,68426.33,957.20718565
2024-05-31 06:00:00,68426.33,68442.61,67853.05,68315.83,1002.41572532
2024-05-31 12:00:00,68315.83,69024.71,66584.47,67280.4,6542.43200162
2024-05-31 18:00:00,67280.57,67920,67083.34,67472.41,2188.80384965
2024-06-01 00:00:00,67473.07,67756.76,67371.28,67636.71,482.87900357
2024-06-01 06:00:00,67633.31,67698.77,67507.65,67605.08,262.58127577
2024-06-01 12:00:00,67605.08,67820.24,67511.46,67718.31,697.93017619
2024-06-01 18:00:00,67718.31,67837.33,67629.08,67719.29,506.17962499
2024-06-02 00:00:00,67719.29,67868.63,67586.59,67669.6,485.32885249
2024-06-02 06:00:00,67669.35,68265.3,67325.64,68203.2,464.33536376
2024-06-02 12:00:00,68203.99,68411,67750.01,67842.74,1122.00972082
2024-06-02 18:00:00,67842.74,67960.18,67260,67735.52,925.4784782
2024-06-03 00:00:00,67731.14,68756.47,67568,68662.64,1551.45262126
2024-06-03 06:00:00,68663.35,69320,68590.56,69068.05,2982.23987838
2024-06-03 12:00:00,69068.06,70295.78,68543.9,69265.35,5581.49560135
2024-06-03 18:00:00,69261.01,69488.88,68716.3,68791,1769.72072606
2024-06-04 00:00:00,68791.04,69348.99,68640.03,68930.25,1281.57837101
2024-06-04 06:00:00,68930.25,69179.08,68542.37,68928.59,1367.38799501
2024-06-04 12:00:00,68931.67,71045,68820.96,70581.41,10708.22475807
2024-06-04 18:00:00,70582.92,71108.9,70082.37,70542.32,4685.00284087
2024-06-05 00:00:00,70541.68,71300,70429.44,71002.22,2037.90921231
2024-06-05 06:00:00,70999.27,71375.09,70693.16,70958.76,1027.08827083
2024-06-05 12:00:00,70958.74,71804.13,70356.49,71642.83,4646.62541811
2024-06-05 18:00:00,71642.83,71761.45,70740.59,71121.11,2411.55739055
2024-06-06 00:00:00,71120.65,71250,70805.04,70904.78,1110.21708867
2024-06-06 06:00:00,70904.79,71187.54,70800,71154.46,945.8687651
2024-06-06 12:00:00,71153.31,71650.56,70778.51,71091.94,3210.94532823
2024-06-06 18:00:00,71089.44,71153.59,70093.98,70773.64,2449.4768174
2024-06-07 00:00:00,70773.63,71443.99,70645.41,71298,1207.67746439
2024-06-07 06:00:00,71298,71686.74,70991.43,71686.74,1761.66868915
2024-06-07 12:00:00,71686.22,71974.04,69653.27,69654.69,5241.94284911
2024-06-07 18:00:00,69658.09,69741.19,68298.55,69324.53,5557.69285
2024-06-08 00:00:00,69326.71,69500,69200,69261.97,800.85434101
2024-06-08 06:00:00,69261.97,69546.58,69239.09,69340.14,494.87091986
2024-06-08 12:00:00,69342.42,69484.21,69126.22,69444.7,877.11012604
2024-06-08 18:00:00,69444.69,69495,69279.15,69304.05,459.11071721
2024-06-09 00:00:00,69303.8,69370.2,69123.99,69295.22,458.18097459
2024-06-09 06:00:00,69295.23,69433.23,69277.39,69368.75,267.37882809
2024-06-09 12:00:00,69361.27,69776.54,69259.63,69658.54,515.6999041
2024-06-09 18:00:00,69658.54,69848.94,69575.03,69637.87,584.78024853
2024-06-10 00:00:00,69641.08,69791.86,69414.67,69555.89,541.63230074
2024-06-10 06:00:00,69555.89,69596.95,69141.51,69446.32,650.21084192
2024-06-10 12:00:00,69446.31,70187.53,69194.05,70029.83,2956.63963451
2024-06-10 18:00:00,70029.52,70121.12,69318,69497.73,1939.92085515
2024-06-11 00:00:00,69495.97,69547.82,67603.07,67865.59,4120.70651985
2024-06-11 06:00:00,67865.59,67936,66680,66824.29,4117.96393259
2024-06-11 12:00:00,66824.29,67241.39,66018.69,66745.94,5720.14733881
2024-06-11 18:00:00,66745.94,67599.83,66625.04,67316.53,3395.87136343
2024-06-12 00:00:00,67316.52,67598.96,66883.32,67236.36,1359.33723059
2024-06-12 06:00:00,67236.36,68046.78,67221.12,67768.23,1189.65667731
2024-06-12 12:00:00,67768.23,70032,67723.93,69807.61,6798.98730766
2024-06-12 18:00:00,69804,69820.48,67202.54,68248.6,7792.03017857
2024-06-13 00:00:00,68248.59,68377.84,66966,67585.85,1881.52582905
2024-06-13 06:00:00,67592.68,67979.61,67163.28,67743.8,1291.47833731
2024-06-13 12:00:00,67743.8,68474.49,66200,66886.28,6196.49092284
2024-06-13 18:00:00,66886.27,66957.72,66502.7,66738.85,2546.63702209
2024-06-14 00:00:00,66746.46,67165.44,66445,67005.88,1359.58004204
2024-06-14 06:00:00,67011.28,67218.38,66708.99,66997.13,1016.89542325
2024-06-14 12:00:00,66995.4,67322.72,65005,65364.61,5315.41327575
2024-06-14 18:00:00,65364.6,66573,65038,66004.39,3828.26917795
2024-06-15 00:00:00,66004.36,66355.44,65937.2,66188.1,605.51051811
2024-06-15 06:00:00,66188.11,66375.35,66008.14,66268.51,371.65703311
2024-06-15 12:00:00,66268.52,66428.57,66085.68,66203.99,475.89801011
2024-06-15 18:00:00,66203,66254.68,65800.86,66192,551.07659347
2024-06-16 00:00:00,66192,66233.01,65999,66220.6,334.75047492
2024-06-16 06:00:00,66220.59,66718.22,66126.82,66445.63,307.15508123
2024-06-16 12:00:00,66445.62,66760,66424.21,66539.62,693.62466158
2024-06-16 18:00:00,66539.53,66931.18,66401.15,66628.75,783.12141662
2024-06-17 00:00:00,66629.38,66871.74,66104.55,66314.07,978.90089216
2024-06-17 06:00:00,66314.07,66359.85,65502.74,65751.73,1305.58921139
2024-06-17 12:00:00,65752.05,66565.59,65050,66561.46,5450.6739778
2024-06-17 18:00:00,66561.45,67274.96,66129.51,66481.81,6752.47652768
2024-06-18 00:00:00,66481.81,66574.33,64555,65593.56,4227.27114052
2024-06-18 06:00:00,65599.24,65802.25,65103.14,65353.53,2371.30749462
2024-06-18 12:00:00,65354.01,65426.03,64237,64584.72,5438.27213106
2024-06-18 18:00:00,64581.33,65277.4,64010.01,65152.8,3900.88099863
2024-06-19 00:00:00,65150.9,65709.26,64778.92,65406.53,1797.30158957
2024-06-19 06:00:00,65406.46,65646.31,64977,65183.48,1074.79187009
2024-06-19 12:00:00,65183.48,65286,64717.15,65057.72,1202.61610543
2024-06-19 18:00:00,65055.72,65134.37,64635.48,64943.79,883.6740482
2024-06-20 00:00:00,64945.67,65581.79,64803.09,65474.39,1338.17596439
2024-06-20 06:00:00,65475.72,66455.52,65359.84,66139.64,2349.82002637
2024-06-20 12:00:00,66139.64,66268.82,64500,64924.9,3762.90040286
2024-06-20 18:00:00,64924.91,65162.74,64769.46,64840.88,1895.81168537
2024-06-21 00:00:00,64840.89,65017.1,64281.45,64620.53,1188.40996013
2024-06-21 06:00:00,64618.82,64706.26,63482.33,63716.11,2068.83132031
2024-06-21 12:00:00,63716.12,64328.05,63300.93,63606.7,4419.76506793
2024-06-21 18:00:00,63609.18,64420,63584.38,64120.28,2139.78965099
2024-06-22 00:00:00,64120.28,64448.4,63910.01,64396.66,940.16519485
2024-06-22 06:00:00,64396.66,64523.91,64177.71,64228.22,745.45157067
2024-06-22 12:00:00,64228.22,64370.39,64218.01,64227.77,349.30149541
2024-06-22 18:00:00,64232.74,64307.02,64201.44,64235.01,289.2967428
2024-06-23 00:00:00,64235,64499.95,64235,64351.74,361.83382787
2024-06-23 06:00:00,64351.4,64406.58,64209.37,64304.99,167.26162889
2024-06-23 12:00:00,64307.12,64392.93,63885.01,64071.8,537.89351534
2024-06-23 18:00:00,64069.04,64145.98,63125.75,63171.43,987.80195154
2024-06-24 00:00:00,63169.36,63343.91,62230,62267.22,2906.42401236
2024-06-24 06:00:00,62270.11,62935.92,60544.36,61250.01,4680.4299726
2024-06-24 12:00:00,61250,61674.43,59780.02,60200.92,6904.68553689
2024-06-24 18:00:00,60200.92,60448.37,58414.28,60263,6926.50642462
2024-06-25 00:00:00,60262.16,61589.48,60217.36,60991.34,2526.54581584
2024-06-25 06:00:00,60987.45,61536.8,60580,61141.33,2839.27814102
2024-06-25 12:00:00,61141.33,62130.84,60926.66,61374.3,6089.74427818
2024-06-25 18:00:00,61370.64,62400,61120,61789.71,3746.01424226
2024-06-26 00:00:00,61794.47,62470,61546.82,61551.07,1748.07308896
2024-06-26 06:00:00,61551.06,61790,61139.91,61426.64,1616.65721393
2024-06-26 12:00:00,61426.65,61979.26,60808.04,61205.22,3506.14452115
2024-06-26 18:00:00,61212.01,61214.88,60656.8,60816.68,4521.92352613
2024-06-27 00:00:00,60818.86,61244,60720.05,60748.1,1636.11007336
2024-06-27 06:00:00,60748.1,61390.1,60546.94,61115.14,2019.23015648
2024-06-27 12:00:00,61115.14,62346.16,61077.64,61772.54,4686.77775736
2024-06-27 18:00:00,61772.54,61864.39,61265.95,61615.39,2188.24100128
2024-06-28 00:00:00,61611.43,62170.62,61399,61520.81,1916.31518807
2024-06-28 06:00:00,61520.8,61711.16,61131.42,61613,1207.96233838
2024-06-28 12:00:00,61612.2,61802.13,60525.53,60713.98,4310.03446837
2024-06-28 18:00:00,60713.97,60773.73,59868,60313.35,3946.71387898
2024-06-29 00:00:00,60312.36,60892,60273.8,60666.01,1084.32803969
2024-06-29 06:00:00,60666,61122.66,60642.76,60997.13,1023.35733666
2024-06-29 12:00:00,60997.12,61078.82,60822.09,60936.39,530.85210968
2024-06-29 18:00:00,60936.4,60997.79,60758.49,60885.67,560.49901524
2024-06-30 00:00:00,60884.44,60986.35,60611.01,60693.42,607.77060955
2024-06-30 06:00:00,60693.42,61672.69,60651.02,61445.7,973.77819338
2024-06-30 12:00:00,61445.46,61761.55,61229.5,61606.16,830.44794419
2024-06-30 18:00:00,61606.15,62942.67,61571.71,62668.26,1851.23250114
2024-07-01 00:00:00,62669.14,63752.35,62475.67,63357.79,3021.73611564
2024-07-01 06:00:00,63357.79,63405.88,62512.95,62586.37,1220.4930243
2024-07-01 12:00:00,62586.37,63626.48,62448.46,63621.28,4369.52616935
2024-07-01 18:00:00,63621.61,63801.26,62743.94,62830.13,3714.95165536
2024-07-02 00:00:00,62830.94,63223.57,62713.01,62937.97,1107.31057859
2024-07-02 06:00:00,62938.08,62965.91,62333.47,62734.08,2280.31127606
2024-07-02 12:00:00,62734.08,63099.51,61724.93,62063.84,4597.07790274
2024-07-02 18:00:00,62065.3,62291.08,61000,62040.22,2703.94156889
2024-07-03 00:00:00,62039.44,62197.01,60534.14,61026.47,1932.02917507
2024-07-03 06:00:00,61026.46,61093.02,59509,60295.52,2940.89222679
2024-07-03 12:00:00,60297.28,60655.59,59649.06,60305.59,3822.79335764
2024-07-03 18:00:00,60305.6,60377.91,59332.76,60145.01,3371.00201115
2024-07-04 00:00:00,60145.01,60429.27,57875.18,58849.49,4256.15884523
2024-07-04 06:00:00,58849.49,59046.3,56925.18,57719.97,4661.06049877
2024-07-04 12:00:00,57716.6,58354.01,56709.73,58206.26,5496.68321592
2024-07-04 18:00:00,58206.26,58768.2,56898.58,57042.14,3555.45436434
2024-07-05 00:00:00,57036.45,57515.6,53499.9,54790.9,9207.70830132
2024-07-05 06:00:00,54790.9,55642.37,53867.39,55474.79,4488.47805239
2024-07-05 12:00:00,55474.79,57044.85,54830.59,56465.86,9823.10705638
2024-07-05 18:00:00,56473.37,56874.28,55825.59,56639.43,4533.12160646
2024-07-06 00:00:00,56634.53,56999.45,56020.32,56364.03,1727.51235511
2024-07-06 06:00:00,56364.03,56885.24,56347.39,56741.33,876.35942682
2024-07-06 12:00:00,56741.19,58156.13,56511.7,57969.8,2348.95013899
2024-07-06 18:00:00,57968.63,58481.97,57728.98,58244.75,1496.50309201
2024-07-07 00:00:00,58240.36,58448.89,57416.73,57652.71,1542.28012044
2024-07-07 06:00:00,57652.71,57907.51,57078.47,57445.8,779.11084122
2024-07-07 12:00:00,57444.23,57615.56,56548.53,57222.49,1294.07491178
2024-07-07 18:00:00,57224.76,57380.64,55717.23,55854.09,1705.45058024
2024-07-08 00:00:00,55852.61,56023.92,54278.93,55475.29,4902.67900184
2024-07-08 06:00:00,55470,58200,55203.07,57142.05,4355.57931856
2024-07-08 12:00:00,57135.26,57612.41,54938.68,56274.22,6147.2233893
2024-07-08 18:00:00,56274.22,56963.5,56133.29,56699.43,3637.56690302
2024-07-09 00:00:00,56701.18,57435.28,56276.37,57290.89,1889.16474713
2024-07-09 06:00:00,57294.03,57883.88,57000,57427.48,2645.06760806
2024-07-09 12:00:00,57423.61,58122,56910.35,57531.7,3527.63498443
2024-07-09 18:00:00,57525.25,58295.31,57441.02,58047.86,3695.8929194
2024-07-10 00:00:00,58047.86,59481.93,57340.7,58989.19,3167.11781822
2024-07-10 06:00:00,58987.7,59344.98,58308.09,58483.17,2274.51500561
2024-07-10 12:00:00,58485.87,58559.18,57430,57627.95,3731.62048994
2024-07-10 18:00:00,57629,57870.52,57157.28,57712.59,2446.37897968
2024-07-11 00:00:00,57713.4,58379.13,57036.41,57987.59,2036.60322981
2024-07-11 06:00:00,57988.76,58894.25,57866.93,58773.88,1977.22284349
2024-07-11 12:00:00,58772.99,59533.06,57180.25,57802.02,5735.25485301
2024-07-11 18:00:00,57802.03,58000,57147.97,57340.77,1684.45286887
2024-07-12 00:00:00,57343.66,57577.14,56538.33,57030.71,1650.40969636
2024-07-12 06:00:00,57030.7,57407.39,56763.56,57225.1,1545.57771636
2024-07-12 12:00:00,57225.09,58449.99,57102.47,58180.37,3931.10487788
2024-07-12 18:00:00,58176.05,58550,57152.89,57909.03,3389.51171089
2024-07-13 00:00:00,57908.61,58177.83,57770.92,58090.19,482.17381214
2024-07-13 06:00:00,58091.32,58844.02,57931.05,58541.5,840.05603466
2024-07-13 12:00:00,58541.51,58978.53,58439.79,58717.68,1111.46613873
2024-07-13 18:00:00,58717.68,59875,58292.08,59224.58,1821.40947168
2024-07-14 00:00:00,59224.58,60316.56,59209.2,60285.66,1668.26158956
2024-07-14 06:00:00,60288.92,60431.16,59816.3,60136.84,1001.26840328
2024-07-14 12:00:00,60136.83,60247.49,59492,60030.33,1207.36286741
2024-07-14 18:00:00,60030.33,61428.67,59900,60808.42,2255.48117033
2024-07-15 00:00:00,60804.97,62999.99,60666.59,62844.98,5188.21904319
2024-07-15 06:00:00,62838.67,63293.19,62316.01,62470.09,2699.09917542
2024-07-15 12:00:00,62464.96,63803.58,62459,63139.64,6599.39690846
2024-07-15 18:00:00,63139.65,64943.61,63042.38,64757.16,6115.0187525
2024-07-16 00:00:00,64757.16,65025.74,63481.55,63671.03,3060.94371718
2024-07-16 06:00:00,63671.02,63899.99,62410.33,63786.86,3170.90953855
2024-07-16 12:00:00,63786.86,65240.37,63088.87,64591.92,5097.55405743
2024-07-16 18:00:00,64586.73,65405.89,64170.29,65088.99,3362.51270987
2024-07-17 00:00:00,65086.55,66139,64978.06,65668.29,2234.02166151
2024-07-17 06:00:00,65668.29,65841.98,64568,64739.45,1655.06919577
2024-07-17 12:00:00,64740.62,65425.2,63853.99,64301.6,4058.62145914
2024-07-17 18:00:00,64301.6,64782.1,64069.09,64085.81,2700.08477453
2024-07-18 00:00:00,64085.82,65117.16,63904.27,64753.5,1284.75286067
2024-07-18 06:00:00,64753.5,65065,64448.89,64769.38,970.82930377
2024-07-18 12:00:00,64769.25,65130.88,63308.41,63554.95,3414.87548352
2024-07-18 18:00:00,63554.96,64111.11,63222.6,63982.86,1967.06995587
2024-07-19 00:00:00,63977.64,64376.9,63289.15,64164.83,1138.36925637
2024-07-19 06:00:00,64164.83,64478.26,63405.07,64104.47,1481.56761468
2024-07-19 12:00:00,64110.18,66874.39,64031.06,66777.78,7887.18483045
2024-07-19 18:00:00,66777.74,67504.22,66444.15,66707.61,4655.93575587
2024-07-20 00:00:00,66707.61,66875,66271,66573.26,1059.50299141
2024-07-20 06:00:00,66573.25,66809.12,66505.64,66517.47,644.4864544
2024-07-20 12:00:00,66517.48,67625.36,66315.28,67454.34,1474.78475842
2024-07-20 18:00:00,67460.07,67635,66838.59,67163.83,1492.61464712
2024-07-21 00:00:00,67163.82,67469.86,66920.37,67079.38,527.34411253
2024-07-21 06:00:00,67079.37,67124.54,66611.03,66900.39,544.79064783
2024-07-21 12:00:00,66900.39,67756.51,66520,66679.78,1859.98164552
2024-07-21 18:00:00,66679.79,68380,65820.18,68181.28,3095.74560756
2024-07-22 00:00:00,68181.16,68495,67536.36,67638.96,2217.83536766
2024-07-22 06:00:00,67637.53,67754.68,66961.37,67527.77,1459.49023634
2024-07-22 12:00:00,67527.77,68012,66569.42,67485.21,3569.30033623
2024-07-22 18:00:00,67485.22,68339.99,67258.17,67558.22,4598.16525561
2024-07-23 00:00:00,67560.03,67786.84,66335.2,66447.04,1638.14975267
2024-07-23 06:00:00,66445.98,67169.55,66243.96,66686.21,1325.43634366
2024-07-23 12:00:00,66686.25,67375.5,65751,65952.37,4500.80521333
2024-07-23 18:00:00,65950.01,66128.5,65444.3,65939.24,3326.64651211
2024-07-24 00:00:00,65939.24,66145.57,65473,65819.81,1184.01523698
2024-07-24 06:00:00,65819.8,66610.75,65764.84,66378.54,693.02173084
2024-07-24 12:00:00,66378.55,67131.17,65980,66601.75,2739.09608639
2024-07-24 18:00:00,66601.14,66675.18,65090.61,65366.4,3086.12245708
2024-07-25 00:00:00,65358.86,65616.28,63777.33,64247.26,3445.34220264
2024-07-25 06:00:00,64247.64,64464.41,63850.01,64083.59,1217.94838688
2024-07-25 12:00:00,64083.59,65171.97,63412.46,65032.29,3222.65480159
2024-07-25 18:00:00,65038.34,66161.98,64360.27,65795.42,2566.31032636
2024-07-26 00:00:00,65795.52,67477.27,65705.6,66921.66,2001.14417934
2024-07-26 06:00:00,66921.67,67498.04,66870,67320.84,1189.65826005
2024-07-26 12:00:00,67320.84,67999.99,66880,67374.91,3293.84299539
2024-07-26 18:00:00,67374.9,68216.66,67324.95,67924.08,2830.56375275
2024-07-27 00:00:00,67921.46,68086.85,67658,67902.65,813.17244412
2024-07-27 06:00:00,67902.65,68305.64,67893.11,68229.97,622.82030123
2024-07-27 12:00:00,68233.4,69418.15,68209.42,68559.13,1968.68761275
2024-07-27 18:00:00,68559.32,69156.35,66635.28,67899.41,6828.94162703
2024-07-28 00:00:00,67901.81,68290.36,67021.8,67416.12,981.78773891
2024-07-28 06:00:00,67414.87,67998.29,67219,67843,650.32192439
2024-07-28 12:00:00,67844.21,68123.84,67570.01,67979.58,774.64282942
2024-07-28 18:00:00,67979.57,68308.82,67801.95,68244.3,1098.79587638
2024-07-29 00:00:00,68244.3,69798.05,68157.94,69651.04,2506.81013336
2024-07-29 06:00:00,69649.3,69868.93,69368.63,69574.98,1486.33836732
2024-07-29 12:00:00,69574.98,70000,66400.01,67002.68,7206.21183512
2024-07-29 18:00:00,66999.89,67550,66600,66771.45,2442.12442245
2024-07-30 00:00:00,66767.14,66868.58,65846.38,66464.03,1937.09715687
2024-07-30 06:00:00,66464.04,66994.15,66391.15,66562.36,1065.0889108
2024-07-30 12:00:00,66558.44,66929.85,65515.82,65842.01,3507.55707469
2024-07-30 18:00:00,65842.01,66337.62,65283.68,66169.68,2223.82843755
2024-07-31 00:00:00,66169.68,66407.99,65467.02,66152.52,1083.58545022
2024-07-31 06:00:00,66155,66526.2,65909.09,66047.11,1271.24576735
2024-07-31 12:00:00,66047.11,66837.4,65948.08,66659.16,2605.56968949
2024-07-31 18:00:00,66663.63,66715.74,64500,64609.62,4025.97438547
2024-08-01 00:00:00,64609.61,64827.18,63532.64,64266.32,2589.89315648
2024-08-01 06:00:00,64266.32,64667.14,64078,64640.62,953.13927075
2024-08-01 12:00:00,64640.62,64925,62212.81,63152.46,6667.56929621
2024-08-01 18:00:00,63152.81,65593.56,62716.7,65288.18,5426.12033431
2024-08-02 00:00:00,65293.48,65557.86,63609.99,64124.63,1763.86615151
2024-08-02 06:00:00,64124.64,64935.81,63757.92,64605.69,1270.90471359
2024-08-02 12:00:00,64605.7,65492.34,62368.97,63024.82,7197.3901372
2024-08-02 18:00:00,63031.19,63160.31,61150,61418.06,5157.84863727
2024-08-03 00:00:00,61418.06,61922.72,60240.5,61636.79,2375.17415653
2024-08-03 06:00:00,61636.44,61967.36,61401.4,61874.51,583.84894538
2024-08-03 12:00:00,61874.51,62171.58,60353.55,60527.51,2168.06101263
2024-08-03 18:00:00,60525.41,60816.3,59819.13,60674.93,2892.31039464
2024-08-04 00:00:00,60674.93,61082.3,60290,60752.81,773.92718115
2024-08-04 06:00:00,60752.82,60982.36,60071,60872.41,742.32520212
2024-08-04 12:00:00,60872.41,61072.64,57123,57826.04,4800.9660245
2024-08-04 18:00:00,57826.23,59570.62,57711.16,58130.95,4001.79250881
2024-08-05 00:00:00,58131.31,58282.83,52282.5,52715.73,14558.80873793
2024-08-05 06:00:00,52709.3,53241.98,49050.01,51344.08,13265.8770116
2024-08-05 12:00:00,51344.08,55594.65,49531.44,54750.19,22347.01827001
2024-08-05 18:00:00,54749.98,55236,52566.55,54029.12,8954.08524718
2024-08-06 00:00:00,54037.9,56297.81,53965.57,55970.56,4298.3873893
2024-08-06 06:00:00,55972.93,56200,54630.53,55231.33,2210.35244297
2024-08-06 12:00:00,55230.54,56984.09,54371.96,56517.22,5421.26415695
2024-08-06 18:00:00,56509.13,57091.16,55818.33,56048.08,4967.67120614
2024-08-07 00:00:00,56048.07,57307.69,55586.95,56835.02,2869.10042631
2024-08-07 06:00:00,56826.1,57757.15,56578,56995.51,2131.13761139
2024-08-07 12:00:00,56997.75,57522.56,55432.33,55575,4669.21810096
2024-08-07 18:00:00,55581.5,55635.1,54564.15,55148.1,4302.05904844
2024-08-08 00:00:00,55144.14,57674.69,54737.32,56974.18,3135.47965942
2024-08-08 06:00:00,56974.19,57698.93,56811.41,57329.47,2087.19579122
2024-08-08 12:00:00,57329.48,59900,56699.27,59501.37,7153.54433772
2024-08-08 18:00:00,59505.62,62755.24,59257.99,61705.58,8246.83007025
2024-08-09 00:00:00,61704.05,61764.38,60580.67,60996.55,2508.10533
2024-08-09 06:00:00,60996.54,61245.89,60171.62,60672.89,1779.99589613
2024-08-09 12:00:00,60672.88,61130.32,59552.46,60205.01,4147.11922496
2024-08-09 18:00:00,60205.01,61016.16,59838.87,60862.13,3134.5869927
2024-08-10 00:00:00,60864.71,61500,60255.61,60377.84,1059.52077987
2024-08-10 06:00:00,60377.84,61126.88,60342.31,60936.41,642.68949893
2024-08-10 12:00:00,60937.31,60968.6,60411.81,60774.17,709.22108821
2024-08-10 18:00:00,60778.06,61207.74,60736.88,60935.02,746.20472998
2024-08-11 00:00:00,60935.01,61408.5,60882.39,61118.61,631.86224592
2024-08-11 06:00:00,61122.49,61868.69,60450.68,60693.35,900.86841874
2024-08-11 12:00:00,60686.01,60779.39,59936.73,60286.78,1105.10566754
2024-08-11 18:00:00,60286.77,60371.77,58312.63,58722.49,2591.53375278
2024-08-12 00:00:00,58717.44,59085.98,58103.61,58574.58,1995.57688556
2024-08-12 06:00:00,58574.57,60000,57653.31,59879.08,2662.24143746
2024-08-12 12:00:00,59874.43,60721.77,57806.45,59311.72,4545.62050617
2024-08-12 18:00:00,59311.73,59750.91,58458.56,59358.78,2980.49061328
2024-08-13 00:00:00,59358.78,59937.89,58845.92,59226.99,1468.49281046
2024-08-13 06:00:00,59226.98,59492.57,58402.01,58844.62,1204.55024638
2024-08-13 12:00:00,58845.51,61615.43,58723.35,61198.9,5243.147665
2024-08-13 18:00:00,61198.9,61248.64,60258.07,60603.19,2963.57291644
2024-08-14 00:00:00,60603.19,61335.37,60446.26,60856.39,1805.85440887
2024-08-14 06:00:00,60856.38,61490.13,60661.25,61340.3,1544.75239483
2024-08-14 12:00:00,61340.31,61827.2,58508.01,59179.67,7134.18592691
2024-08-14 18:00:00,59177.33,59500,58453.56,58690.62,2453.82200763
2024-08-15 00:00:00,58690.62,59050.34,58016.58,58321.67,1675.95833805
2024-08-15 06:00:00,58325.13,58881.92,57717.89,58744.41,1531.14162902
2024-08-15 12:00:00,58744.4,59883.49,58554,58896.36,4915.19178672
2024-08-15 18:00:00,58896.36,58896.36,56120,57543.61,6384.3414161
2024-08-16 00:00:00,57543.57,58514.67,57096.56,58194.89,2037.71609085
2024-08-16 06:00:00,58194.89,58688.49,58061.18,58412.6,1545.54751075
2024-08-16 12:00:00,58412.61,59365.67,57548.48,59233.27,4420.27462528
2024-08-16 18:00:00,59229.28,59871.61,58736.79,58888.99,3926.67965533
2024-08-17 00:00:00,58888.99,59403.56,58803.45,59168.77,806.87782397
2024-08-17 06:00:00,59168.76,59470.63,59054.22,59135.32,483.86300482
2024-08-17 12:00:00,59135.31,59711.02,59100.01,59433.63,832.65346433
2024-08-17 18:00:00,59434.3,59549.11,59150,59497.49,664.16926322
2024-08-18 00:00:00,59497.49,60250,59264.84,59485,1174.06741542
2024-08-18 06:00:00,59488.87,60195,59445.02,60025.36,1155.0457323
2024-08-18 12:00:00,60020.79,60284.99,59379.11,59538.76,870.2043604
2024-08-18 18:00:00,59538.76,59879.15,58422,58437.9,1126.33066357
2024-08-19 00:00:00,58436.2,58779.39,58227.11,58482.71,1568.29958276
2024-08-19 06:00:00,58482.71,58760.75,57820,58399.21,1534.16781887
2024-08-19 12:00:00,58404.81,59313.24,58080.96,59036.84,3251.70606751
2024-08-19 18:00:00,59036.84,59639.81,58743.16,59452.67,2185.12031792
2024-08-20 00:00:00,59455.81,61457.03,59385.46,61159.38,4105.17787876
2024-08-20 06:00:00,61159.39,61191.26,60447.84,60549.3,981.0588625
2024-08-20 12:00:00,60547.22,60990.8,58571.96,59043.01,4290.9459771
2024-08-20 18:00:00,59043.01,59728.25,58898.54,59017.59,1684.87008083
2024-08-21 00:00:00,59017.59,59525,58793.89,59395.49,1021.40822961
2024-08-21 06:00:00,59395.48,59943.4,59102.12,59374.85,1481.07004833
2024-08-21 12:00:00,59374.84,60229.19,58857.06,59947.24,4331.53351016
2024-08-21 18:00:00,59939.23,61849.98,59855.81,61163.28,6546.09922909
2024-08-22 00:00:00,61167.54,61237.91,59750,60745.29,2012.24935508
2024-08-22 06:00:00,60745.3,61430.48,60703.52,61350.46,1970.55655791
2024-08-22 12:00:00,61349.05,61420.95,60106.59,60170.51,3799.95171957
2024-08-22 18:00:00,60170.5,60702.54,60132.91,60383.29,1825.93790424
2024-08-23 00:00:00,60383.28,61098.08,60343.2,60870.71,1202.31983265
2024-08-23 06:00:00,60870.7,61363.64,60686.45,60739.47,1401.0119067
2024-08-23 12:00:00,60737.53,63070.11,60737,63033.83,7187.50760135
2024-08-23 18:00:00,63027.73,64987,62705.65,64086.72,8061.93183097
2024-08-24 00:00:00,64091.63,64244.7,63672.15,64040.64,1538.45725514
2024-08-24 06:00:00,64040.41,64529.78,63926.16,63941.92,1302.16835251
2024-08-24 12:00:00,63935.12,64445.13,63889.31,64077.34,1080.26494305
2024-08-24 18:00:00,64077.01,64471.51,63564.22,64179.63,1100.02620934
2024-08-25 00:00:00,64179.63,64606.56,64014.97,64173.84,948.92171077
2024-08-25 06:00:00,64175.85,64204.65,63793.74,63900,849.02196531
2024-08-25 12:00:00,63900,64328.21,63833.01,64167.32,655.70754983
2024-08-25 18:00:00,64167.33,65050.08,64091.86,64251.93,1558.65642051
2024-08-26 00:00:00,64250.01,64509.36,63776.21,63978.02,1182.22254494
2024-08-26 06:00:00,63973.85,64070.99,63260,63864.68,1589.86405831
2024-08-26 12:00:00,63864.52,63983.24,63067.29,63399.98,4746.60788582
2024-08-26 18:00:00,63397.03,63732.41,62806.8,62840,3223.27202174
2024-08-27 00:00:00,62840.09,63226.26,62661.14,63162.31,1606.93856985
2024-08-27 06:00:00,63162.32,63162.32,62226.02,62418.48,1333.77297935
2024-08-27 12:00:00,62418.47,62493.72,61447.9,61933.41,4237.5159648
2024-08-27 18:00:00,61933.4,62201.58,58025.49,59439.64,7017.66745178
2024-08-28 00:00:00,59437.68,59684.06,58924.13,59297.92,2214.21354221
2024-08-28 06:00:00,59293.25,60236.98,58518,59940,1579.11668841
2024-08-28 12:00:00,59938.5,60173.69,57851.62,58657.28,3599.29034384
2024-08-28 18:00:00,58657.28,59843.66,58590,59045.88,2608.5011242
2024-08-29 00:00:00,59047.94,59484.97,58850.9,59454.62,939.49858038
2024-08-29 06:00:00,59454.63,60494.07,59376.82,60078.75,1032.43421823
2024-08-29 12:00:00,60078.74,61194.09,59996.39,60547.32,5292.51133106
2024-08-29 18:00:00,60552.51,60564.94,58729.39,59364.47,3668.77627376
2024-08-30 00:00:00,59353.12,59493.24,58669.68,58786.39,1236.45700829
2024-08-30 06:00:00,58786.4,59677.28,58703.37,59400.06,1341.27099188
2024-08-30 12:00:00,59400.06,59929.63,57700,58623.78,5222.95708922
2024-08-30 18:00:00,58623.78,59369.24,58609.09,59112.77,1582.22736141
2024-08-31 00:00:00,59117.59,59446.99,59054.23,59206.29,363.23091006
2024-08-31 06:00:00,59207.73,59264.55,58826.02,59114.78,218.59083381
2024-08-31 12:00:00,59121.37,59249.09,58739.31,59002.82,438.50270482
2024-08-31 18:00:00,59000.83,59137.99,58777.39,58968.37,347.89330252
2024-09-01 00:00:00,58968.37,59070.55,57772.04,57976.79,958.10889621
2024-09-01 06:00:00,57978.02,58494.24,57828.29,58226.88,740.62107219
2024-09-01 12:00:00,58226.88,58356.04,57213.34,58121.1,1273.85555899
2024-09-01 18:00:00,58121.1,58788.36,57200,57299,1438.46835383
2024-09-02 00:00:00,57291.21,57981.74,57119.01,57777.84,1110.75550593
2024-09-02 06:00:00,57779.32,58669.03,57356.31,58419.93,1021.42455313
2024-09-02 12:00:00,58415.33,58825.39,58095.1,58518.42,956.21186094
2024-09-02 18:00:00,58514.77,59423,58313.42,59139.83,1230.2625403
2024-09-03 00:00:00,59138.89,59825.7,58984.78,59181.43,1029.24836321
2024-09-03 06:00:00,59187.66,59191.18,58700,59059.89,499.93142605
2024-09-03 12:00:00,59059.88,59359.16,57540.25,57677.86,4812.26413816
2024-09-03 18:00:00,57678.4,58240,57394.49,57468.84,1923.00578442
2024-09-04 00:00:00,57460.5,57935.24,55555,56226.49,3361.07167791
2024-09-04 06:00:00,56225.81,56897.1,56210.43,56562.28,1382.1590486
2024-09-04 12:00:00,56559.3,58531.25,56149.15,57875.12,7014.05759427
2024-09-04 18:00:00,57875.12,58382,57634.06,57971,1957.88884628
2024-09-05 00:00:00,57971,58326.12,56904.56,57189.8,1577.2016545
2024-09-05 06:00:00,57189.46,57238.01,56536.64,56676.68,1497.82929638
2024-09-05 12:00:00,56676.67,57300,55786.51,56589.78,6658.95369775
2024-09-05 18:00:00,56589.75,56708.61,55628.04,56156.82,2547.59363884
2024-09-06 00:00:00,56156.82,56844.01,55964.04,56481.1,796.28940783
2024-09-06 06:00:00,56477.35,56498.47,55262.51,55987.7,1366.11852729
2024-09-06 12:00:00,55986.4,56995,53601.93,53888.4,10234.29295468
2024-09-06 18:00:00,53888.4,53966.51,52530,53950.01,6098.74975376
2024-09-07 00:00:00,53950,54374.99,53733.1,54170.74,825.31915991
2024-09-07 06:00:00,54170.74,54497.58,54028.79,54327.26,725.30783037
2024-09-07 12:00:00,54327.26,54847,53987.03,54134.27,984.18846612
2024-09-07 18:00:00,54128.38,54470.01,53814.5,54156.33,749.76176988
2024-09-08 00:00:00,54159.6,54573.69,53958.05,54334.92,501.31594711
2024-09-08 06:00:00,54334.92,54719.73,54251,54563.2,368.55170891
2024-09-08 12:00:00,54563.66,54577.39,53623.95,54504.35,1170.38532211
2024-09-08 18:00:00,54494.52,55315.95,54180.02,54881.11,1644.61518579
2024-09-09 00:00:00,54881.1,55378.7,54565.56,54664.63,1538.774914
2024-09-09 06:00:00,54664.63,55554.66,54632.87,55269.82,946.50690177
2024-09-09 12:00:00,55269.82,56791.32,54804.35,56531.64,4113.86056798
2024-09-09 18:00:00,56533.43,58119.97,56267.87,57053.9,3603.89091142
2024-09-10 00:00:00,57047.82,57081.77,56377.76,56945.83,960.24410087
2024-09-10 06:00:00,56942.27,57395.27,56770.01,57227.6,863.72842545
2024-09-10 12:00:00,57223.1,57464.2,56510.12,57174.7,2454.69776818
2024-09-10 18:00:00,57174.71,58050.35,57174.71,57645.59,2154.54341661
2024-09-11 00:00:00,57641.15,57762.58,56091.36,56243.23,2195.528971
2024-09-11 06:00:00,56238.08,56876.8,56164.66,56796.66,991.97933926
2024-09-11 12:00:00,56796.67,57900,55534.41,57709.84,5967.67149677
2024-09-11 18:00:00,57709.84,58014.35,57222.55,57352.79,2523.76316421
2024-09-12 00:00:00,57352.92,58487.06,57333.37,57988.17,1924.43652427
2024-09-12 06:00:00,57984.61,58369.41,57850.71,58061.77,1348.21339807
2024-09-12 12:00:00,58061.77,58600,57311.15,58395.4,4740.60544676
2024-09-12 18:00:00,58399.26,58469.57,57763.81,58137.54,2162.36853573
2024-09-13 00:00:00,58137.33,58254.88,57824.03,57940.7,825.33154211
2024-09-13 06:00:00,57940.7,58354.54,57740.09,57883.78,1059.37749517
2024-09-13 12:00:00,57883.72,59997,57630.01,59608.5,5405.5354657
2024-09-13 18:00:00,59610.65,60670,59500,60543.35,4645.71094456
2024-09-14 00:00:00,60543.35,60660,59945.74,59954.74,958.88800068
2024-09-14 06:00:00,59954.74,60200,59603.11,59733.04,613.4077752
2024-09-14 12:00:00,59732.91,60035.28,59651.69,59906.4,645.92992775
2024-09-14 18:00:00,59901.82,60143.89,59436.8,60012.35,929.16449268
2024-09-15 00:00:00,60012.34,60304.06,60009.38,60168.16,1014.72601651
2024-09-15 06:00:00,60168.16,60231.99,59884.01,60016.01,233.69222829
2024-09-15 12:00:00,60016.01,60402.34,59718.46,59830.63,1021.73494809
2024-09-15 18:00:00,59830.62,60194.4,58695.75,59122.33,1705.20362561
2024-09-16 00:00:00,59122.7,59214.15,58104.92,58667.83,1606.06542146
2024-09-16 06:00:00,58667.82,59168.82,58490.98,58656.45,736.06165727
2024-09-16 12:00:00,58656.45,58783.48,57477,58155.76,3002.41037238
2024-09-16 18:00:00,58155.75,58410.58,57588,58208.75,2309.57246724
2024-09-17 00:00:00,58209.76,58777,57620.27,58646.31,1263.88690851
2024-09-17 06:00:00,58641.08,59303.8,58433.42,59090.4,1047.21182333
2024-09-17 12:00:00,59090.4,61373.41,58877.89,60969.03,6188.12418379
2024-09-17 18:00:00,60968.06,61095.57,59626.4,60312.6,3202.66783152
2024-09-18 00:00:00,60317.38,60777.57,59878.02,60238.58,1172.89194304
2024-09-18 06:00:00,60238.67,60545.63,59382.17,59848.5,940.04418344
2024-09-18 12:00:00,59848.5,60254.71,59174.5,60024.62,2537.07474693
2024-09-18 18:00:00,60022,61800,59479.11,61769.18,6821.49595688
2024-09-19 00:00:00,61770.38,62600,61569.16,62014.93,3367.77762354
2024-09-19 06:00:00,62015,62736.62,61826.97,62661.24,2279.26303604
2024-09-19 12:00:00,62661.23,63891.82,62602.33,63742.72,5868.78114786
2024-09-19 18:00:00,63742.71,63813.52,62656.3,62960.14,3560.04654778
2024-09-20 00:00:00,62956.04,64140.67,62618.43,63813.74,2111.35699409
2024-09-20 06:00:00,63813.74,63938.39,63114.01,63450.82,2628.42992322
2024-09-20 12:00:00,63448.91,63557.61,62565.71,62700.45,4213.05978033
2024-09-20 18:00:00,62699.56,63309.75,62340,63210.69,1683.26158326
2024-09-21 00:00:00,63210.94,63317.22,62755,62917.45,571.24440294
2024-09-21 06:00:00,62917.43,63150,62887.48,63098.79,299.42982161
2024-09-21 12:00:00,63098.78,63415.25,62940.99,63296.06,581.91489906
2024-09-21 18:00:00,63290.09,63575.63,63053.97,63362.74,508.26799667
2024-09-22 00:00:00,63362.74,63467.99,62839.82,62946.04,498.06782134
2024-09-22 06:00:00,62942.82,63050.72,62558.27,62781.74,370.36102267
2024-09-22 12:00:00,62780.21,63143.63,62458.84,63057.28,594.28760541
2024-09-22 18:00:00,63059.67,64000,62380.55,63577.66,1419.51774878
2024-09-23 00:00:00,63580.39,64739.67,62566.28,63755,2298.80255613
2024-09-23 06:00:00,63747.61,63779.2,63296,63416.98,789.84014683
2024-09-23 12:00:00,63416.97,63838.37,63051,63313.87,2574.53627851
2024-09-23 18:00:00,63307.09,63579.83,63090,63338.87,1351.56561788
2024-09-24 00:00:00,63338.85,63404.56,62689.15,63214.61,1456.42422194
2024-09-24 06:00:00,63209.03,63947.42,63208.44,63477.61,1207.98664369
2024-09-24 12:00:00,63475.69,64000,62719.91,63774.74,3151.1489061
2024-09-24 18:00:00,63774.74,64700,63530.94,64272.93,3117.90496401
2024-09-25 00:00:00,64272.93,64811,63991.06,64173.52,1302.97809248
2024-09-25 06:00:00,64167.02,64167.02,63407.47,63836.79,963.88776322
2024-09-25 12:00:00,63836.78,63996,62973.96,63159.08,1808.70816149
2024-09-25 18:00:00,63157.15,63585.39,62932.8,63130.89,1833.52108734
2024-09-26 00:00:00,63131.13,63724.02,62652.99,63579.7,1042.29516888
2024-09-26 06:00:00,63579.71,64500,63568.4,64399.53,1380.69725264
2024-09-26 12:00:00,64397.76,65865,64155.01,65167.47,7963.96390004
2024-09-26 18:00:00,65167.47,65341.16,64612.8,65177.21,2402.89403349
2024-09-27 00:00:00,65176.39,65469.51,64827.85,65371.34,1374.51978089
2024-09-27 06:00:00,65371.35,66000,65239.91,65447.05,2060.29030103
2024-09-27 12:00:00,65447.01,66550,65331.02,65926.6,4346.61992678
2024-09-27 18:00:00,65924.49,65988.19,65517.88,65789,1747.5868721
2024-09-28 00:00:00,65787.53,66266.39,65729.04,65965.89,755.24156502
2024-09-28 06:00:00,65965.42,65973.77,65462.8,65802.27,546.13097228
2024-09-28 12:00:00,65802.27,65832.24,65432.1,65643.64,654.95016334
2024-09-28 18:00:00,65643.64,65994.94,65400,65858.99,798.90410517
2024-09-29 00:00:00,65857.33,65988.03,65520.97,65606.15,515.43117963
2024-09-29 06:00:00,65606.14,65739.01,65433.29,65701.78,409.15537495
2024-09-29 12:00:00,65702.06,65936.99,65580.1,65828.16,662.86289703
2024-09-29 18:00:00,65828.17,66059,65524.26,65600.01,1133.9025258
2024-09-30 00:00:00,65600.01,65624.95,64178.03,64527.25,2478.03047681
2024-09-30 06:00:00,64528.95,64707.6,63241.66,63816.31,2125.3262253
2024-09-30 12:00:00,63816.3,64161.09,63345.16,63666.13,3613.70121704
2024-09-30 18:00:00,63666.13,63839.81,62833.95,63301.25,2412.68356002
2024-10-01 00:00:00,63305.52,63853.08,62963.28,63724.16,2405.15312877
2024-10-01 06:00:00,63724.15,64106.75,63709.6,63719.48,827.39789636
2024-10-01 12:00:00,63719.48,63807.61,61060,62134.05,6667.57009412
2024-10-01 18:00:00,62128.1,62425.48,60150.89,60790,6070.68183591
2024-10-02 00:00:00,60792.63,61873.26,60711.09,61477.53,1051.93519018
2024-10-02 06:00:00,61478.5,61928.53,60882.22,61154.7,850.92201761
2024-10-02 12:00:00,61154.71,62380.34,60518.78,61619.14,3325.07367191
2024-10-02 18:00:00,61611.9,61699.25,59969.2,60631.37,3536.09962367
2024-10-03 00:00:00,60631.36,61474.92,60515.73,61167.83,1100.74104682
2024-10-03 06:00:00,61167.83,61425.34,60115.96,60750.17,862.42673183
2024-10-03 12:00:00,60750.16,60892.3,59824.87,60613.51,4004.77149749
2024-10-03 18:00:00,60613.51,61101,60523.76,60744.99,1866.61790458
2024-10-04 00:00:00,60745,61275.72,60454.5,61219.56,1038.37042987
2024-10-04 06:00:00,61221.73,61641.18,61060.41,61429.57,957.91109401
2024-10-04 12:00:00,61429.72,62348.87,60775.03,61983.8,4223.15738527
2024-10-04 18:00:00,61983.86,62481,61898.71,62090.71,1664.77940893
2024-10-05 00:00:00,62090.7,62200,61686.34,62138.07,535.43681681
2024-10-05 06:00:00,62138.06,62323.1,62059.35,62179.01,264.24402564
2024-10-05 12:00:00,62179.01,62380.04,61832.76,62011.35,548.5393059
2024-10-05 18:00:00,62011.35,62100,61689.45,62051.29,435.34550126
2024-10-06 00:00:00,62051.29,62147.35,61805.85,61934.6,312.18204435
2024-10-06 06:00:00,61934.59,62158.44,61883.31,62094.72,157.96014758
2024-10-06 12:00:00,62094.72,62916.15,62050.84,62579.08,823.53061427
2024-10-06 18:00:00,62581.41,62978.75,62300,62810.86,792.54541153
2024-10-07 00:00:00,62810.93,63975.37,62645.15,63377.5,1599.72715577
2024-10-07 06:00:00,63377.5,63721.02,62620.91,63114.99,980.16354088
2024-10-07 12:00:00,63114.99,64467.02,62800,63808.35,4659.24241127
2024-10-07 18:00:00,63808.34,63813.4,62113.28,62200.28,3468.01689358
2024-10-08 00:00:00,62203.82,62811.25,62139.43,62486.7,887.73116254
2024-10-08 06:00:00,62491.54,62642.79,61976.74,62597.18,659.31849187
2024-10-08 12:00:00,62597.19,63191.05,61850,62359.69,2869.12939525
2024-10-08 18:00:00,62357.65,62528.27,61824.48,62122.02,2150.15129776
2024-10-09 00:00:00,62118.44,62507.68,61964.88,62489.62,654.58879876
2024-10-09 06:00:00,62489.62,62504.32,62005,62149.18,530.48396614
2024-10-09 12:00:00,62149.17,62365.99,61571.34,61699.85,2355.34610609
2024-10-09 18:00:00,61699.86,61779.58,60255,60578.28,4041.94836395
2024-10-10 00:00:00,60578.28,60985.44,60305.35,60873.74,1191.60548697
2024-10-10 06:00:00,60873.74,61239.92,60562.5,61181.57,969.12899599
2024-10-10 12:00:00,61181.59,61271.59,59477.72,59525.95,3990.49578738
2024-10-10 18:00:00,59525.95,60283.96,58863.9,60279.53,4311.34935242
2024-10-11 00:00:00,60279.53,60722.61,60029.98,60551.99,1296.17142758
2024-10-11 06:00:00,60548.94,61226.57,60548.69,61135.59,1238.62938847
2024-10-11 12:00:00,61134.85,62947.99,61083.66,62916.76,5339.90641614
2024-10-11 18:00:00,62915.28,63416.7,62329.83,62518.75,3580.28282121
2024-10-12 00:00:00,62518.75,63063.58,62464.15,62755.72,777.49723103
2024-10-12 06:00:00,62757.25,63242.32,62620.39,62920.03,481.98809592
2024-10-12 12:00:00,62920.02,63474.25,62803.47,63091.87,2120.82209714
2024-10-12 18:00:00,63091.88,63354.42,62895.03,63187.47,563.59906585
2024-10-13 00:00:00,63183.08,63270.18,62636.59,62837.81,449.68397132
2024-10-13 06:00:00,62834.57,62979.38,62500,62540.53,241.99476635
2024-10-13 12:00:00,62528.4,62864.18,62033,62500.65,846.62595703
2024-10-13 18:00:00,62500.64,63106.69,62290.77,62845.3,719.30991187
2024-10-14 00:00:00,62847.89,64494.28,62426.67,63901.23,1775.20164886
2024-10-14 06:00:00,63900.14,65105.01,63760.23,64875.85,2016.76152497
2024-10-14 12:00:00,64872.55,66296,64628.96,65607.44,6894.49282756
2024-10-14 18:00:00,65607.45,66500,65540,66065.65,2952.25506417
2024-10-15 00:00:00,66065.64,66317.38,65186.29,65333.85,1092.42421145
2024-10-15 06:00:00,65331.21,65818.59,65250,65378.21,1221.34901588
2024-10-15 12:00:00,65383.02,67944.76,64778.44,66802.52,9455.03640163
2024-10-15 18:00:00,66802.52,67383.76,66108.01,67056.6,4555.20228446
2024-10-16 00:00:00,67056.62,67560.76,66743,67211.54,1970.55994383
2024-10-16 06:00:00,67214.82,68399,66769.86,67880.2,3133.27374633
2024-10-16 12:00:00,67883.35,68300,67106.2,67932.3,4952.28979806
2024-10-16 18:00:00,67932.3,68061.45,67468.11,67608.44,2409.63342407
2024-10-17 00:00:00,67608.45,67926.99,67220.41,67325.92,1519.00695023
2024-10-17 06:00:00,67325.43,67503.79,66783.5,66837.13,1421.17238658
2024-10-17 12:00:00,66837.13,67657.09,66629.97,67273.3,3359.20309066
2024-10-17 18:00:00,67276.87,67450,66684.79,67402.33,1612.84396538
2024-10-18 00:00:00,67399.86,68222.71,67149.24,67980.35,1666.5128423
2024-10-18 06:00:00,67980.35,68352.83,67648.54,67676.26,1353.24464511
2024-10-18 12:00:00,67676.25,68919.98,67615.75,68722.28,5906.34811356
2024-10-18 18:00:00,68722.27,69000.62,68190.98,68426.11,2876.63881846
2024-10-19 00:00:00,68426.11,68689.29,68231.9,68377.54,701.50883211
2024-10-19 06:00:00,68377.55,68467.98,68067.27,68077.57,288.96026303
2024-10-19 12:00:00,68077.51,68350.09,68005.83,68120.16,506.59908635
2024-10-19 18:00:00,68120.15,68414.95,68088.63,68363.73,371.80140605
2024-10-20 00:00:00,68363.73,68433.8,68083.18,68202.69,446.8050045
2024-10-20 06:00:00,68202.68,68490.61,68153.09,68415.6,193.91765163
2024-10-20 12:00:00,68418.81,68750,68195.01,68542.01,551.36999349
2024-10-20 18:00:00,68546.85,69380,68440,69014.86,1440.79949893
2024-10-21 00:00:00,69014.87,69498,68572.93,68959.42,1483.58771231
2024-10-21 06:00:00,68959.42,69125.55,68100.01,68192.79,1324.16993363
2024-10-21 12:00:00,68192.79,68293.26,66802,67474.11,3733.98099671
2024-10-21 18:00:00,67474.11,67935.05,66991.63,67346.15,3684.85482404
2024-10-22 00:00:00,67346.15,67661.1,66535,67535.82,1195.49267396
2024-10-22 06:00:00,67537.36,67756.11,66706.01,67247.23,1369.96618188
2024-10-22 12:00:00,67244,67675,66594.74,67279.5,4006.73861622
2024-10-22 18:00:00,67274.48,67800,67189.92,67380.08,2025.86725557
2024-10-23 00:00:00,67389.7,67415.65,66834.13,67038.76,766.95837072
2024-10-23 06:00:00,67038.76,67256.11,66142.21,66366.78,1532.83041627
2024-10-23 12:00:00,66371.51,66850,65556,65620.35,4007.03694513
2024-10-23 18:00:00,65620.35,66766.15,65149.51,66601.11,2714.34566945
2024-10-24 00:00:00,66601.1,67546.99,66445.32,67288.7,1117.95609704
2024-10-24 06:00:00,67282.14,67402.27,66665.47,67213.4,1075.88645733
2024-10-24 12:00:00,67216.04,67940.8,67184.1,67596.32,4489.74816802
2024-10-24 18:00:00,67595.87,68800,67564.84,68156.84,3332.60758174
2024-10-25 00:00:00,68156.84,68235.69,67550.38,67706.14,1369.00458026
2024-10-25 06:00:00,67706.14,68130.9,67204.96,68065.06,1408.3682708
2024-10-25 12:00:00,68065.06,68742.38,66690.04,66762.11,5805.03954819
2024-10-25 18:00:00,66753.29,67535.64,65500.01,66564.51,5903.08013612
2024-10-26 00:00:00,66564.51,67156.74,66331.95,67049.34,1182.8451543
2024-10-26 06:00:00,67049.33,67188.55,66876.82,67055.68,564.27390207
2024-10-26 12:00:00,67056.84,67101.59,66388.2,66974.5,456.7974735
2024-10-26 18:00:00,66974.49,67365.18,66926.63,67012.56,745.30344023
2024-10-27 00:00:00,67008.15,67227.8,66836.78,67095.66,386.03697823
2024-10-27 06:00:00,67093.81,67177.29,66955.36,67050.77,194.12879476
2024-10-27 12:00:00,67048.44,67912.21,67039.57,67676.73,933.7479945
2024-10-27 18:00:00,67676.74,68261.37,67455.55,67943.19,1305.68390172
2024-10-28 00:00:00,67943.18,68039.95,67532.48,67825,989.48598164
2024-10-28 06:00:00,67825,68758.93,67707.9,68682.91,1849.37659064
2024-10-28 12:00:00,68682.93,69250,68378.92,68951.93,7859.29343429
2024-10-28 18:00:00,68949.67,70235.98,68800.69,69924.5,5441.98412967
2024-10-29 00:00:00,69924.49,71500,69705.76,70969.53,3518.75111919
2024-10-29 06:00:00,70969.53,71550,70781.31,71413.7,1712.04247972
2024-10-29 12:00:00,71416.91,72999,70878.05,72703.81,8966.2825191
2024-10-29 18:00:00,72701.04,73624.98,71842.66,72724.35,6419.83575205
2024-10-30 00:00:00,72724.35,72774.59,72000,72485.7,2166.54919761
2024-10-30 06:00:00,72485.7,72600,71909.61,71973.15,1411.6798449
2024-10-30 12:00:00,71973.15,72450,71400.01,71873.59,4641.75892382
2024-10-30 18:00:00,71873.6,72948.6,71630.07,72322.91,5323.50541204
2024-10-31 00:00:00,72322.91,72583.13,72000,72271.05,1341.53275779
2024-10-31 06:00:00,72271.06,72684.02,72125.25,72200.1,1075.19086355
2024-10-31 12:00:00,72200.11,72261.69,70249.1,70740.51,7301.67716527
2024-10-31 18:00:00,70740.51,70744.35,69559.33,70197.83,5008.38381681
2024-11-01 00:00:00,70198.02,70364.64,68750.37,69541.05,2615.1809063
2024-11-01 06:00:00,69541.04,70166.48,69020.82,69937.72,1473.95579354
2024-11-01 12:00:00,69937.72,71620,69025,69552.21,7951.11436652
2024-11-01 18:00:00,69555.27,69612.88,68720,69467.29,3255.03674552
2024-11-02 00:00:00,69466.64,69891.92,69414.79,69675.43,547.25210074
2024-11-02 06:00:00,69675.44,69808.17,69382.33,69579.3,379.47454231
2024-11-02 12:00:00,69579.3,69682.6,69000,69376.59,723.73871343
2024-11-02 18:00:00,69378.66,69560.63,69131.11,69358.94,553.53108456
2024-11-03 00:00:00,69360.95,69364.65,67833,68408.05,1963.88589375
2024-11-03 06:00:00,68408.05,68742.89,68168.9,68330.01,669.86697425
2024-11-03 12:00:00,68330.01,68534.69,67444,68336.38,2080.85430162
2024-11-03 18:00:00,68336.43,69330.67,67664.17,68738.18,2044.27789504
2024-11-04 00:00:00,68736.4,69453.94,68201,68759.28,1222.41519969
2024-11-04 06:00:00,68759.28,69123.08,68405.28,68734.39,1087.77381588
2024-11-04 12:00:00,68734.39,69210.66,67191,67794.73,5311.21780617
2024-11-04 18:00:00,67794.72,68042,66783.77,67807.48,4809.60689343
2024-11-05 00:00:00,67810.15,68750,67427.53,68697.66,1644.71544152
2024-11-05 06:00:00,68697.15,69059.32,68528.77,68777.08,1232.31909917
2024-11-05 12:00:00,68780.01,70557.67,68626.59,69955.78,6206.0383158
2024-11-05 18:00:00,69951.04,70282.5,68713.49,69380.73,3784.58841969
2024-11-06 00:00:00,69380.64,75000,69285.82,74781.91,14230.85474175
2024-11-06 06:00:00,74785.28,75410.1,72723.42,74315.87,8423.81765905
2024-11-06 12:00:00,74319.62,75900,73519.51,74504.53,12388.68915613
2024-11-06 18:00:00,74504.89,76509.56,74453.55,75646.55,10354.75681676
2024-11-07 00:00:00,75646.55,76067.11,74664.42,74793.45,3093.50063469
2024-11-07 06:00:00,74793.45,75183.93,74463.96,74776.42,1700.43708579
2024-11-07 12:00:00,74776.42,76582.97,74551.42,76372.09,7875.96877018
2024-11-07 18:00:00,76372.09,76999,75545.45,75920,9262.49558615
2024-11-08 00:00:00,75925,76419.44,75654.26,76051.21,2436.4253108
2024-11-08 06:00:00,76051.2,76410.4,75749.04,76020.93,1962.6816335
2024-11-08 12:00:00,76020.94,76660.72,75689,76454.18,6116.6295589
2024-11-08 18:00:00,76454.18,77312.18,76350.29,76566.73,7862.66225944
2024-11-09 00:00:00,76566.72,76706.02,76184.3,76595.55,1178.76421785
2024-11-09 06:00:00,76595.56,76845,76400,76534.61,966.89675867
2024-11-09 12:00:00,76532.39,76583.19,75758.58,76272.1,1306.1591283
2024-11-09 18:00:00,76279.09,76952.67,76151.9,76716.06,1384.74994856
2024-11-10 00:00:00,76716.06,79799.79,76535.33,79100.68,4647.76077651
2024-11-10 06:00:00,79102.28,80000,78649.96,79885.68,2812.02574735
2024-11-10 12:00:00,79885.9,80787.73,79250,80430.85,3245.17414631
2024-11-10 18:00:00,80430.16,81534.28,78455.37,80428.92,6023.25038086
2024-11-11 00:00:00,80427.69,81943.26,80277.34,80808.62,3918.37507607
2024-11-11 06:00:00,80800.43,82444.39,80658.95,82217.97,2813.57804724
2024-11-11 12:00:00,82217.97,85000,81550.74,84739.41,13910.53117793
2024-11-11 18:00:00,84740.22,89666,84315.92,88770.73,14917.6343657
2024-11-12 00:00:00,88770.74,89600,86674.94,88487.12,6926.02062568
2024-11-12 06:00:00,88487.11,89993.69,85317.81,87241.48,6942.96214825
2024-11-12 12:00:00,87241.31,88050.36,85010,87073.27,12762.15030642
2024-11-12 18:00:00,87073.9,90100,87023.88,88035.43,13480.67616608
2024-11-13 00:00:00,88035.43,88666,86379.92,86691.48,5602.3252952
2024-11-13 06:00:00,86689.64,88200,86220.5,87789.62,5008.19591834
2024-11-13 12:00:00,87783.31,93495,87630.65,92391.41,17412.65532376
2024-11-13 18:00:00,92391.4,93290.89,88060.08,90493.82,14295.5143795
2024-11-14 00:00:00,90499.4,90651.64,89408.82,90015.3,3115.18595054
2024-11-14 06:00:00,90020.42,91715.26,89141.32,91545.36,3388.77075254
2024-11-14 12:00:00,91543.52,91831.25,87538.51,89266.96,9315.51596114
2024-11-14 18:00:00,89271.84,89742.96,86672.07,87340.4,7603.28649441
2024-11-15 00:00:00,87338.96,88506.78,87100.83,87755.72,2818.55868621
2024-11-15 06:00:00,87755.71,89778,87400.06,89742.57,1880.83784712
2024-11-15 12:00:00,89742.58,90702.12,87731.41,89493.38,8262.90033962
2024-11-15 18:00:00,89493.38,91934.62,89211.05,91058.36,7426.03427932
2024-11-16 00:00:00,91058.36,91820.73,90888.02,91389.71,2190.62397387
2024-11-16 06:00:00,91389.72,91621.18,91005.46,91203.76,1123.68277231
2024-11-16 12:00:00,91198.3,91344.05,90069.21,90952.45,2079.19094879
2024-11-16 18:00:00,90945.23,91446.39,90350,90636.24,1204.52923543
2024-11-17 00:00:00,90638.54,90935.79,89400,90467.27,1606.34329493
2024-11-17 06:00:00,90476.2,91439.82,90353.42,90674.33,710.34149154
2024-11-17 12:00:00,90679.64,91179.85,89920.23,90577.66,1087.83438282
2024-11-17 18:00:00,90577.62,90628.36,88713.64,89886.69,2170.03205895
2024-11-18 00:00:00,89877.11,90949,89640.83,90626.05,1588.3217606
2024-11-18 06:00:00,90621.27,92234.39,90051.24,90275.89,2381.65601532
2024-11-18 12:00:00,90282.71,92674.8,89372.65,91636.23,6991.67771502
2024-11-18 18:00:00,91636.23,92095.34,89720.74,90520.3,6379.11617357
2024-11-19 00:00:00,90521.32,91978.19,90403.24,91940.75,1979.00598103
2024-11-19 06:00:00,91939.64,92091.99,91234.32,91709.49,1586.24794232
2024-11-19 12:00:00,91709.49,93395.86,91026.74,92963.32,7821.89920787
2024-11-19 18:00:00,92963.12,94105.84,91500,92435.89,6880.00798122
2024-11-20 00:00:00,92445.04,92649.31,91600,92617.54,2663.74950483
2024-11-20 06:00:00,92617.54,93772.26,92379.07,93561.47,2816.8453318
2024-11-20 12:00:00,93561.47,94989.99,93382.89,94045.2,9203.44275229
2024-11-20 18:00:00,94042.58,94744.99,93251.36,94393.15,5645.00239808
2024-11-21 00:00:00,94384.15,97931,94127.2,97403.71,6595.39908368
2024-11-21 06:00:00,97404.5,98370.3,96780.35,98005.95,3442.26208339
2024-11-21 12:00:00,98007.19,98265.49,95606.45,98167.11,9994.03059835
2024-11-21 18:00:00,98167.11,99073.53,97692.3,98439.09,11156.40218209
2024-11-22 00:00:00,98439.1,99390,97950,98909.24,5044.36926855
2024-11-22 06:00:00,98909.24,99543,98306.01,98969.35,3531.71807502
2024-11-22 12:00:00,98963.78,99498,97209.52,98950.01,9627.28630592
2024-11-22 18:00:00,98950.02,99860,98700.47,99024.03,11733.2485007
2024-11-23 00:00:00,99024.03,99044.11,98402.01,98882.74,3743.82313185
2024-11-23 06:00:00,98882.75,98998.8,98435.12,98564.28,2931.06997589
2024-11-23 12:00:00,98564.29,99000,97500.01,98081.6,3556.75509823
2024-11-23 18:00:00,98081.6,98167.61,97215.01,97778.77,1840.82383125
2024-11-24 00:00:00,97778.78,98700,97725.33,98370.7,1236.54701425
2024-11-24 06:00:00,98376.51,98562.34,97356.77,97401.42,696.38824341
2024-11-24 12:00:00,97402,97727.96,95780.77,95945.14,3541.94972499
2024-11-24 18:00:00,95945.14,98490,95863.02,98028.18,3179.88637502
2024-11-25 00:00:00,98032.06,98360,97002.93,98195.65,2244.8811882
2024-11-25 06:00:00,98195.64,98999,97843.2,98279.7,1820.40174558
2024-11-25 12:00:00,98279.7,98408.08,94555.96,95211.34,7532.05572207
2024-11-25 18:00:00,95211.34,95919,92534.93,93000.01,9098.57383915
2024-11-26 00:00:00,93001.48,94950,92720,94674.63,1982.60990726
2024-11-26 06:00:00,94667.22,95004.92,91420.12,92355.45,3274.92471341
2024-11-26 12:00:00,92347.83,94819.02,91672.31,93575.3,6608.20975769
2024-11-26 18:00:00,93584.71,93670.09,90682.58,91929.54,5982.27525063
2024-11-27 00:00:00,91929.53,93177.35,91747.46,92738.52,1716.07098954
2024-11-27 06:00:00,92738.52,93895.22,92738.52,93382.82,1053.68453169
2024-11-27 12:00:00,93382.21,96439.68,92851.76,96349.13,6153.04380118
2024-11-27 18:00:00,96348.18,97386.06,95834.72,95951.19,6291.11014115
2024-11-28 00:00:00,95951.19,96676.31,94904.94,95525.94,1410.03580389
2024-11-28 06:00:00,95526.08,95824.68,94671.59,95483.99,1331.18441252
2024-11-28 12:00:00,95481.65,96250,94837.37,94887.89,1582.75177027
2024-11-28 18:00:00,94895.99,96050,94700.7,95665.53,1262.58089671
2024-11-29 00:00:00,95665.53,96896.69,95383.46,96190.5,1385.89535291
2024-11-29 06:00:00,96190.46,97403.73,95623.11,97281.06,1287.18742841
2024-11-29 12:00:00,97281.07,98750,96794.6,97052.95,7136.04469973
2024-11-29 18:00:00,97052.95,97715.96,96926.67,97490.56,2777.89750837
2024-11-30 00:00:00,97489.8,97509.6,96355.13,97144.84,1278.70553347
2024-11-30 06:00:00,97144.83,97282.41,96129.73,96302.74,754.1777873
2024-11-30 12:00:00,96302.76,97012.91,96277.73,96834.66,564.53652525
2024-11-30 18:00:00,96839.43,97105,96363.09,96465.42,878.62271251
2024-12-01 00:00:00,96464.95,96721.49,95753.42,96367.88,1067.83788862
2024-12-01 06:00:00,96367.89,97229.34,96326.72,97177.31,688.20699032
2024-12-01 12:00:00,97175.38,97472.19,96732.28,97371.73,918.77291555
2024-12-01 18:00:00,97371.14,97895.9,96849.87,97263.18,1364.45812002
2024-12-02 00:00:00,97259.17,98200,96145.46,96424.65,1838.78116182
2024-12-02 06:00:00,96424.64,96536.01,94830.14,95133.01,1549.12240834
2024-12-02 12:00:00,95130.57,97445,94400.63,94623.07,6749.01730416
2024-12-02 18:00:00,94627.47,96367.45,94492.8,95862.89,5417.69399313
2024-12-03 00:00:00,95862.89,96310.1,95406.08,96165.36,2902.13537985
2024-12-03 06:00:00,96164.07,96261.23,94628.45,94998.01,2476.16329679
2024-12-03 12:00:00,94998.03,96299.99,93571.3,95873.85,7891.73275521
2024-12-03 18:00:00,95873.86,96201.24,94933.87,95924.52,4628.67318935
2024-12-04 00:00:00,95924.85,96696.77,95285.57,96548.84,1479.20759009
2024-12-04 06:00:00,96548.84,97023.14,96230.7,96248.47,1086.93421767
2024-12-04 12:00:00,96248.47,96640.7,94634.85,95621.38,4878.91450594
2024-12-04 18:00:00,95621.38,99263.2,95528.23,98746.24,10083.86419401
2024-12-05 00:00:00,98746.24,104000,98057.88,102559.39,11448.27142309
2024-12-05 06:00:00,102559.4,103249.98,101373.28,102638.22,2863.4697253
2024-12-05 12:00:00,102643.14,103665.6,100590.21,101370.21,9010.53861508
2024-12-05 18:00:00,101372.2,101581.23,92055.86,97044.23,13077.53847923
2024-12-06 00:00:00,97049.47,98843.88,96424.2,97912.69,2973.42889378
2024-12-06 06:00:00,97912.7,98772.85,97722.01,98148.64,2005.6409616
2024-12-06 12:00:00,98148.64,101361.78,97581.44,100955.31,6592.31921333
2024-12-06 18:00:00,100966.53,102104.12,99244.03,99891.35,6229.82387081
2024-12-07 00:00:00,99885.37,100583.27,99012.73,99305.29,1521.0507201
2024-12-07 06:00:00,99308.65,99961.53,99202.41,99727.05,906.60823102
2024-12-07 12:00:00,99716.66,99896.79,99135.46,99726.38,1102.50315045
2024-12-07 18:00:00,99728.83,100525.65,99658.75,99929.32,1244.18877613
2024-12-08 00:00:00,99919.2,100417.14,99423.32,99601.82,809.7961311
2024-12-08 06:00:00,99604.69,99924.73,98729.66,99755.04,672.0564644
2024-12-08 12:00:00,99760.67,100572.19,99407.6,99996.93,1311.82983365
2024-12-08 18:00:00,99996.93,101435.05,99506.89,101174.99,1436.66982253
2024-12-09 00:00:00,101175,101290.73,98514.9,99490.16,2483.11279993
2024-12-09 06:00:00,99485.32,99763.9,98005,98050.01,2355.9506168
2024-12-09 12:00:00,98050.01,100443.98,97300,97326.16,5834.93328935
2024-12-09 18:00:00,97326.17,98257.01,94220.8,97324.81,9429.05402856
2024-12-10 00:00:00,97330.66,98180,95605.01,96977.08,3438.45928462
2024-12-10 06:00:00,96977.05,97965.26,96838.23,97756.78,1862.77101078
2024-12-10 12:00:00,97763.15,98338.17,94401.95,94498.46,9051.72171342
2024-12-10 18:00:00,94498.46,97262.99,94273.38,96660.76,6267.58676606
2024-12-11 00:00:00,96660.75,97722.18,95722.79,97534.69,2359.04631589
2024-12-11 06:00:00,97534.7,98500,97272.49,98336.38,1494.11966884
2024-12-11 12:00:00,98336.38,101216.69,98097.22,99868.53,9233.72499425
2024-12-11 18:00:00,99868.22,101984.98,99689.79,101202.11,8103.34655396
2024-12-12 00:00:00,101211.61,101953.03,100400.01,100659.14,3213.42165497
2024-12-12 06:00:00,100659.14,101152.68,100194.33,100383.46,1321.19048569
2024-12-12 12:00:00,100383.47,102595,100377.61,101664.54,6413.9455221
2024-12-12 18:00:00,101661.92,101727.69,99298.39,100030.47,3848.36690271
2024-12-13 00:00:00,100024.75,100368.57,99220.81,99910.53,1342.07599432
2024-12-13 06:00:00,99910.53,100793.58,99510,100347.79,1627.57506572
2024-12-13 12:00:00,100347.78,101817.55,99696.63,101778.49,5477.31833401
2024-12-13 18:00:00,101778.49,101959.13,101113.08,101428.75,4880.63014669
2024-12-14 00:00:00,101428.74,102650,101144.48,101732.26,1708.1081553
2024-12-14 06:00:00,101732.26,102000,101317.15,101575.64,620.7515728
2024-12-14 12:00:00,101575.64,101740.99,100815.17,100981.94,884.15208064
2024-12-14 18:00:00,100981.93,101475,100600,101399.99,968.38999407
2024-12-15 00:00:00,101400,102805.46,101221.34,102116.05,1539.81801982
2024-12-15 06:00:00,102116.06,102650.93,101516.72,102634.73,712.0200129
2024-12-15 12:00:00,102634.74,103454.27,102422.74,103126.83,2067.73238054
2024-12-15 18:00:00,103126.83,105100,102603.94,104447.76,3476.76316802
2024-12-16 00:00:00,104445.15,106554.39,104227.01,104996.09,3822.54942101
2024-12-16 06:00:00,105001.7,105379.27,103600,103730.27,1449.98154579
2024-12-16 12:00:00,103727.11,107240.17,103289.21,107126.77,10149.14996635
2024-12-16 18:00:00,107126.78,107857.79,105500,106099.81,7154.19809576
2024-12-17 00:00:00,106099.98,107014.62,105699.99,106810.63,1521.517405
2024-12-17 06:00:00,106812.23,107519.48,106360.86,106797.81,1664.23383116
2024-12-17 12:00:00,106797.8,108388.88,105722.37,107533.89,5085.14626878
2024-12-17 18:00:00,107521.06,107682.22,105337.97,106136.99,3723.69113478
2024-12-18 00:00:00,106145.83,106528.13,103256,103560.42,2717.91731643
2024-12-18 06:00:00,103564.16,105009.83,103125,104994.69,1293.91102349
2024-12-18 12:00:00,104992.26,105331.5,103370.11,104646.29,3931.95360073
2024-12-18 18:00:00,104638.22,104984.01,99939.82,100150.73,14350.6464139
2024-12-19 00:00:00,100148.6,101362.81,98698.56,101236.11,3497.26371039
2024-12-19 06:00:00,101236.12,102568.87,100942.93,102399.57,1288.49381614
2024-12-19 12:00:00,102400,102796.22,97279,98678.99,8133.35442432
2024-12-19 18:00:00,98686.86,98966.33,95539.67,97372.21,10603.01668789
2024-12-20 00:00:00,97372.2,97749.85,95830.22,96645.9,3056.37784072
2024-12-20 06:00:00,96645.89,98132.47,92500,92576.31,6218.03094456
2024-12-20 12:00:00,92573.24,97657.95,92115.66,97167.62,8227.83649538
2024-12-20 18:00:00,97171.2,97776.9,95369.99,97765,4264.37858072
2024-12-21 00:00:00,97762.75,98646.17,97143.56,98641.67,1155.98458595
2024-12-21 06:00:00,98641.66,99596.57,97755.98,98229.54,2368.58209823
2024-12-21 12:00:00,98229.54,98260.09,96368,97560.74,1644.98953856
2024-12-21 18:00:00,97547.64,97998,96504.51,97230.08,1281.87649144
2024-12-22 00:00:00,97230.09,97387.98,95825.6,96088.22,897.25504217
2024-12-22 06:00:00,96088.22,97280.55,96010.2,97030.61,541.64089929
2024-12-22 12:00:00,97034.91,97231.45,95061.55,95559.88,1466.02338306
2024-12-22 18:00:00,95562.38,96371.65,94182.98,95087.75,2028.58195283
2024-12-23 00:00:00,95091.15,96430.08,93618.01,95523.52,1903.20971501
2024-12-23 06:00:00,95523.67,96421.41,94620.45,95811.25,1225.35767188
2024-12-23 12:00:00,95811.25,96300,92786.01,93254.55,5150.21339323
2024-12-23 18:00:00,93254,95387,92360.91,94764.56,5198.20869554
2024-12-24 00:00:00,94767.88,94767.88,93426.25,94468.58,1689.51741926
2024-12-24 06:00:00,94468.65,94500,93672.25,94245.53,901.97131205
2024-12-24 12:00:00,94245.54,99000,93924.48,98761.49,7478.85611017
2024-12-24 18:00:00,98756.56,99444,97192.43,98594.47,3285.01830157
2024-12-25 00:00:00,98594.47,98818.7,97648.26,98196.01,995.20358178
2024-12-25 06:00:00,98196.01,99250,97705,97824.84,997.04305376
2024-12-25 12:00:00,97855.61,98754.92,97557.48,98466.49,1236.2423441
2024-12-25 18:00:00,98458.88,99484.92,98293.38,99346.28,2025.74808016
2024-12-26 00:00:00,99358.67,99887,98000,98279.53,1599.00015331
2024-12-26 06:00:00,98275.64,98397.15,95083.93,95585.78,2190.75434242
2024-12-26 12:00:00,95585.77,96560.27,95123,95731.07,3233.22844625
2024-12-26 18:00:00,95731.08,96174.8,95197.36,95669.49,4380.38974736
2024-12-27 00:00:00,95669.4,96456.42,95279.45,96131.28,1626.10843835
2024-12-27 06:00:00,96131.27,97340.47,94555.94,96839.24,2598.70642598
2024-12-27 12:00:00,96839.27,96932.43,93234.31,94137.49,5820.25046196
2024-12-27 18:00:00,94137.5,94700,94000,94171.89,3124.06364959
2024-12-28 00:00:00,94171.7,94648.29,94002.72,94469.56,776.27158203
2024-12-28 06:00:00,94469.57,94725,94141.57,94589.92,470.03527912
2024-12-28 12:00:00,94589.91,95160.29,94200.01,94865.54,777.24652092
2024-12-28 18:00:00,94865.54,95534.17,94538.01,95130.82,699.10575423
2024-12-29 00:00:00,95125.59,95170.06,94655.14,94960.51,507.69674828
2024-12-29 06:00:00,94959.87,95149,94801.01,94874.69,286.86911682
2024-12-29 12:00:00,94874.7,95074.21,93429.02,93789.58,1128.60866791
2024-12-29 18:00:00,93794.28,93799.99,92841.48,93563.35,1494.35297793
2024-12-30 00:00:00,93563.35,94076.31,93030.11,93378.14,2020.22377522
2024-12-30 06:00:00,93378.11,93889.99,93150,93744.82,902.40602244
2024-12-30 12:00:00,93744.81,94111,91271.19,93671.51,6803.2265316
2024-12-30 18:00:00,93667.37,94910.48,91763.5,92620.71,5545.38799818
2024-12-31 00:00:00,92620.7,92726.97,91887.13,92460.88,1322.18121378
2024-12-31 06:00:00,92458.6,94554.99,92423.76,94087.83,1394.32774042
2024-12-31 12:00:00,94087.82,96148.94,93040.41,93962.65,4600.47384733
2024-12-31 18:00:00,93962.65,94250,93205,93354.22,3031.64976397
2025-01-01 00:00:00,93347.59,94321.25,93281.63,93572.8,1222.70597744
2025-01-01 06:00:00,93575.72,93600,92743.63,93250.79,1041.2794315
2025-01-01 12:00:00,93250.79,94289,93172.42,93924.22,2943.28970209
2025-01-01 18:00:00,93922.41,94960.91,93682.21,94383.59,1664.46337093
2025-01-02 00:00:00,94383.59,95832.21,94177,95415.55,1639.72749767
2025-01-02 06:00:00,95415.29,96774.06,95184.81,96631.02,1353.75593941
2025-01-02 12:00:00,96631.02,97583,95849.42,96665.63,4783.31065375
2025-01-02 18:00:00,96665.63,97776.99,96312.37,96903.19,3135.67974879
2025-01-03 00:00:00,96905.48,97270.33,96510.01,96677.58,1198.68687063
2025-01-03 06:00:00,96674.27,96842.94,96016.63,96679.43,887.34000602
2025-01-03 12:00:00,96679.43,98402.84,96401,97971.45,3568.96489855
2025-01-03 18:00:00,97976.46,98969.92,97933.23,98136.51,3366.89360639
2025-01-04 00:00:00,98139.85,98279.58,97749.98,98092.44,733.028765
2025-01-04 06:00:00,98091.56,98296.72,97528.26,97855.09,414.2612686
2025-01-04 12:00:00,97862.02,98143.1,97516.65,98006.89,876.26047461
2025-01-04 18:00:00,98017.68,98761.02,97879.01,98209.85,718.53909793
2025-01-05 00:00:00,98209.85,98494.82,98020.01,98334.9,369.40212354
2025-01-05 06:00:00,98334.09,98476.19,97565,97621.82,360.50254149
2025-01-05 12:00:00,97621.81,98318.69,97250,97717.87,723.86383561
2025-01-05 18:00:00,97717.86,98814,97560,98345.33,924.15325835
2025-01-06 00:00:00,98347.65,99888,97900,99572.59,1917.28605617
2025-01-06 06:00:00,99580.27,99748.2,98666.31,99219.43,1160.1228229
2025-01-06 12:00:00,99219.44,102500,98676.5,101864.76,7879.07574189
2025-01-06 18:00:00,101864.77,102416.96,101589.33,102279.41,4217.07144682
2025-01-07 00:00:00,102279.41,102735.99,101528.71,101748.66,1625.48367641
2025-01-07 06:00:00,101742.25,102043.44,100469,100827.28,1829.41834564
2025-01-07 12:00:00,100830.4,100968.23,96545.81,97233.28,7741.34315053
2025-01-07 18:00:00,97233.25,97519.49,96105.11,96941.98,5391.04174972
2025-01-08 00:00:00,96941.98,97254.35,96060,96474.77,1854.01866607
2025-01-08 06:00:00,96475.29,96619.67,94510,95098.31,2188.30248225
2025-01-08 12:00:00,95099.19,96054.04,92500,94007.23,6001.31476578
2025-01-08 18:00:00,94000,95283.77,93571.92,95036.63,4138.66148048
2025-01-09 00:00:00,95033.18,95363.26,93418.63,94424.85,1816.2311681
2025-01-09 06:00:00,94424.85,94581.27,92700,93407.52,1180.07422391
2025-01-09 12:00:00,93407.52,94672.48,91750,92690.06,3322.23321633
2025-01-09 18:00:00,92683.17,93295.51,91187,92547.44,3393.83992381
2025-01-10 00:00:00,92547.44,94250,92452.92,93967.02,1221.44268255
2025-01-10 06:00:00,93966.05,95283.59,93731.91,95083.52,1202.27684175
2025-01-10 12:00:00,95083.51,95862.92,92209.25,95804.84,7092.78574104
2025-01-10 18:00:00,95812.05,95816.39,94390.4,94701.18,3117.52881289
2025-01-11 00:00:00,94701.48,94725.38,93804.05,94342.19,667.3879005
2025-01-11 06:00:00,94340.5,94751.35,94000,94573.68,208.67506587
2025-01-11 12:00:00,94573.68,94685.13,93882.5,94106.15,1210.5597178
2025-01-11 18:00:00,94106.15,94983.65,94007.61,94565.02,552.0768835
2025-01-12 00:00:00,94569.91,94660.36,94255.78,94524.83,290.91598511
2025-01-12 06:00:00,94518.56,94575.8,93670.3,94209.21,274.87747399
2025-01-12 12:00:00,94209.2,95383.84,94113.81,95093.16,581.50532752
2025-01-12 18:00:00,95087.22,95259,93750,94509.62,878.51734309
2025-01-13 00:00:00,94507.24,95900,93860.76,94109.47,1417.77135428
2025-01-13 06:00:00,94118.22,94278.11,90738.29,90760.43,2040.2835796
2025-01-13 12:00:00,90760.43,93090,89028.64,91937.8,6115.74237775
2025-01-13 18:00:00,91931.41,94697,91525.62,94506.45,3521.06628318
2025-01-14 00:00:00,94507.35,95476.75,94311.36,94878.72,1591.39815921
2025-01-14 06:00:00,94878.72,97353.29,94666.55,96504.22,2085.11133958
2025-01-14 12:00:00,96504.21,97238.85,95300.01,96486.24,4502.44393384
2025-01-14 18:00:00,96475.21,97054.32,96069.36,96534.96,3031.78883464
2025-01-15 00:00:00,96534.97,97705.99,96464.37,96993.34,2019.27338383
2025-01-15 06:00:00,96993.35,97558.49,96400,96717.99,1070.6750633
2025-01-15 12:00:00,96715.57,99800,96500,98646.74,6148.53668306
2025-01-15 18:00:00,98646.74,100716.45,98646.73,100510.23,4372.26216382
2025-01-16 00:00:00,100504.27,100880,99137.67,99364,1844.27278825
2025-01-16 06:00:00,99359.06,99883.03,98598,99141.92,1104.27470177
2025-01-16 12:00:00,99141.92,100366,97277.58,99834.3,5564.69192569
2025-01-16 18:00:00,99834.3,100654,99238.48,99981.78,3799.13425283
2025-01-17 00:00:00,99981.46,102085,99937.81,101319.89,2952.96405262
2025-01-17 06:00:00,101327.63,102544.77,101286.24,102220.23,1618.23866792
2025-01-17 12:00:00,102223.61,105334.95,102162.34,104169.79,9170.11012822
2025-01-17 18:00:00,104178.26,105970,104070.05,104107,6776.99664449
2025-01-18 00:00:00,104107,104704,102632.88,102810.52,2363.35170928
2025-01-18 06:00:00,102810.24,103823.89,102233.45,103538.57,1342.32642816
2025-01-18 12:00:00,103536.44,104933.15,103047.5,103740.08,2394.95357353
2025-01-18 18:00:00,103740.07,104640.82,103685.28,104435,1734.66820727
2025-01-19 00:00:00,104435.01,105326.31,103909.45,105003.97,1686.55207908
2025-01-19 06:00:00,105003.97,105500,103292.7,104199.8,2222.11058096
2025-01-19 12:00:00,104199.8,105550,104134.04,104990.22,2016.37916721
2025-01-19 18:00:00,104990.22,106314.44,99518,101211.13,7387.59502873
2025-01-20 00:00:00,101217.78,102720.51,99416.27,102230.22,5109.04206824
2025-01-20 06:00:00,102230.22,109358.01,102101.96,108103.56,8709.60688828
2025-01-20 12:00:00,108103.57,108563.64,100423.7,102829.6,13046.39629545
2025-01-20 18:00:00,102842.43,104384.72,101585.03,102145.43,5477.13786141
2025-01-21 00:00:00,102145.42,103128.5,100051,101246.49,2967.90552722
2025-01-21 06:00:00,101241.54,103869.69,100962.13,103651.97,1666.10343693
2025-01-21 12:00:00,103651.97,106500,102688,106195.4,7399.57131602
2025-01-21 18:00:00,106195.41,107291.1,105448.39,106159.26,7377.65460961
2025-01-22 00:00:00,106159.27,106431.34,105276.56,105684.36,1405.40944978
2025-01-22 06:00:00,105687.17,105973.69,103100,105070.75,2035.98001716
2025-01-22 12:00:00,105084.2,105588.29,103317.77,104336.85,3738.08541345
2025-01-22 18:00:00,104336.86,104823.5,103602.14,103667.11,3550.54408161
2025-01-23 00:00:00,103659.6,103779.99,101512.88,102481.13,2564.34270363
2025-01-23 06:00:00,102481.12,102907.76,101200.01,101916.25,1354.98163753
2025-01-23 12:00:00,101926.11,106870.87,101257.16,105957.45,10163.33154757
2025-01-23 18:00:00,105959.9,106513,102260,103926.36,10982.20911072
2025-01-24 00:00:00,103926.36,105263.16,102751.92,105213.47,1995.64573444
2025-01-24 06:00:00,105215.44,105779.94,104627.12,105434.23,2061.98189869
2025-01-24 12:00:00,105443.31,106770.84,104666.01,106528.73,4326.52886647
2025-01-24 18:00:00,106530.34,107200,104457.46,104850.27,4537.83711453
2025-01-25 00:00:00,104866.13,105245.66,104210.79,104339,1118.88942519
2025-01-25 06:00:00,104339,104687.66,104104,104666.42,721.84162227
2025-01-25 12:00:00,104666.43,105100,104445.13,104884.49,858.31198169
2025-01-25 18:00:00,104896.68,105294,104660.86,104733.56,705.81005376
2025-01-26 00:00:00,104729.92,105478.8,104500,105058.23,577.39134914
2025-01-26 06:00:00,105058.23,105203.67,104412.41,104808.4,368.68894549
2025-01-26 12:00:00,104808.41,105056.45,104693.15,104932.22,540.14915373
2025-01-26 18:00:00,104932.22,105245.67,102452.24,102563,3089.13666695
2025-01-27 00:00:00,102565.28,103228.46,99700.18,100308.72,5408.83258936
2025-01-27 06:00:00,100315.45,100450.77,97715.03,98719.82,5037.8025296
2025-01-27 12:00:00,98710.68,102458,98656.12,99079.2,7735.43583088
2025-01-27 18:00:00,99096.72,102414.61,98809.98,102062.42,5465.07016893
2025-01-28 00:00:00,102063.92,103368.15,101310.49,103016.29,1755.29504739
2025-01-28 06:00:00,103016.3,103339.38,102375.37,102754.41,955.46391962
2025-01-28 12:00:00,102754.39,103770.85,101793.98,102568.04,3724.11918742
2025-01-28 18:00:00,102568.05,103112.73,100213.8,101290,3053.65614021
2025-01-29 00:00:00,101290.01,102358.82,101275.6,102229.42,1122.68458095
2025-01-29 06:00:00,102234.1,102968.78,102118.27,102586.39,1091.43588369
2025-01-29 12:00:00,102586.39,102796.4,101531.49,102407.83,2362.20167009
2025-01-29 18:00:00,102407.84,104829.64,101375.82,103747.25,6826.88065432
2025-01-30 00:00:00,103747.25,105600,103289.74,105393.67,2976.14273077
2025-01-30 06:00:00,105393.78,105597.6,104822.83,105292.18,1326.08900193
2025-01-30 12:00:00,105292.18,106484.77,104632.59,105307.08,5236.4836562
2025-01-30 18:00:00,105307.08,105857.04,104700,104742.64,3522.63342343
2025-01-31 00:00:00,104742.63,105067.03,103922.03,104306.85,1234.57257055
2025-01-31 06:00:00,104306.85,104845,103897.44,104727.38,1122.84134289
2025-01-31 12:00:00,104727.67,106090,104103.06,104578.13,4391.01023358
2025-01-31 18:00:00,104578.12,104840.12,101506,102411.26,6565.25689787
2025-02-01 00:00:00,102414.05,102781.65,102107.76,102479.97,743.25833974
2025-02-01 06:00:00,102484.51,102572.21,101400,102005.24,534.07217028
2025-02-01 12:00:00,102005.23,102312.1,101700,102252.69,695.51122309
2025-02-01 18:00:00,102256.12,102266.43,100250,100623.85,1417.41382433
2025-02-02 00:00:00,100623.88,101459.84,99021.46,100236.17,1931.76726781
2025-02-02 06:00:00,100236.16,100456.08,98612.58,98807.02,1089.83117055
2025-02-02 12:00:00,98830.99,99419.99,96940.36,97182.46,3131.39689403
2025-02-02 18:00:00,97187.37,98679.95,96179,97676.52,4213.65529514
2025-02-03 00:00:00,97676.53,97752.6,91178.01,94285.54,10764.45689206
2025-02-03 06:00:00,94283.98,96063.87,93738.26,95166.34,3963.60917691
2025-02-03 12:00:00,95170.79,99693.4,94212.74,99356.54,9993.65081189
2025-02-03 18:00:00,99353.3,102599.85,98985.6,101460.2,6607.0053149
2025-02-04 00:00:00,101460.15,101812.23,98323.8,98969.48,2394.46070919
2025-02-04 06:00:00,98969.49,99745.53,97902.85,99067.83,2186.61199362
2025-02-04 12:00:00,99058.52,100538.84,98366.23,99224.75,3467.4296319
2025-02-04 18:00:00,99224.75,100886.43,96145.76,97795.05,6120.20083139
2025-02-05 00:00:00,97795.06,99011.51,97150.01,98172.5,1453.32149321
2025-02-05 06:00:00,98175.52,98282.22,97310.05,98260.6,1075.94823055
2025-02-05 12:00:00,98263.2,99230.49,97358.86,97593.31,2813.27491663
2025-02-05 18:00:00,97593.32,97790,96161.01,96638.33,3966.04721844
2025-02-06 00:00:00,96635.62,97914.61,96461.6,97859.39,1176.15938925
2025-02-06 06:00:00,97859.39,99182.15,97723.07,98921.72,1293.42035669
2025-02-06 12:00:00,98921.72,99108.62,96400,96742.2,3342.86834345
2025-02-06 18:00:00,96742.02,97112.51,95674.96,96564.62,3356.49865695
2025-02-07 00:00:00,96575.24,97898.33,96417.92,97374.33,1142.23375743
2025-02-07 06:00:00,97371.89,97777,96607.21,97775.03,842.66099033
2025-02-07 12:00:00,97775.03,100235.79,97177.78,97455.91,5490.81228176
2025-02-07 18:00:00,97455.19,98404,95614.96,96537.08,4696.11831215
2025-02-08 00:00:00,96536.93,96919.05,96059.39,96216.15,645.92803225
2025-02-08 06:00:00,96216.16,96317.55,95785.57,96122.61,345.11312684
2025-02-08 12:00:00,96122.57,96499.73,95682.33,96384.29,601.07537557
2025-02-08 18:00:00,96374.69,96787.53,96226.2,96476.25,1380.34061718
2025-02-09 00:00:00,96476.24,97342.28,96387.38,97043.27,873.32519227
2025-02-09 06:00:00,97052.11,97315.33,96563,96566.88,280.61726047
2025-02-09 12:00:00,96575.63,96739.98,95739.37,96198.11,713.88725851
2025-02-09 18:00:00,96198.12,96772.09,94730.67,96475.82,1550.04038576
2025-02-10 00:00:00,96481.47,97650,95257.2,97024.57,1397.61869104
2025-02-10 06:00:00,97024.57,98000,96806.46,97680.7,1033.64991754
2025-02-10 12:00:00,97688.53,98367.23,96876,97522.21,1762.40141734
2025-02-10 18:00:00,97522.2,97666.22,97144.01,97444.41,2182.05536531
2025-02-11 00:00:00,97451.66,98500,97428.55,98443.12,1063.99806447
2025-02-11 06:00:00,98449.56,98500,97903.83,98158.12,669.45334627
2025-02-11 12:00:00,98158.12,98163,95946.51,96155.92,2224.08574922
2025-02-11 18:00:00,96157.57,96497,94831.07,95774.08,3779.51389721
2025-02-12 00:00:00,95770.95,96236.49,95050,95876.66,991.10564208
2025-02-12 06:00:00,95877.45,96477.75,95665.2,96090.85,477.24662163
2025-02-12 12:00:00,96090.86,97699.56,94066.92,97373.29,4186.63805363
2025-02-12 18:00:00,97368.58,98119.98,95500,97862.53,3423.51324455
2025-02-13 00:00:00,97864.28,98100,96527.09,96672.78,1308.64833114
2025-02-13 06:00:00,96666.66,96762.09,95605,95935.71,1280.76189824
2025-02-13 12:00:00,95940.27,96493.91,95220,95702.59,2089.28408766
2025-02-13 18:00:00,95709.29,96782.75,95336,96625.29,2124.91357566
2025-02-14 00:00:00,96625.29,97253.24,96375.15,96694.24,881.5717724
2025-02-14 06:00:00,96694.25,97200,96629.96,96890.8,800.45615337
2025-02-14 12:00:00,96890.79,98890.11,96268.56,98581.09,3074.05753748
2025-02-14 18:00:00,98578.07,98800,96723.43,97509.03,2988.5909378
2025-02-15 00:00:00,97507.94,97997.85,97225.01,97624.48,623.16977273
2025-02-15 06:00:00,97624.48,97753.06,97320,97637.59,228.44226388
2025-02-15 12:00:00,97640.05,97958.43,97320.68,97418.78,360.53140577
2025-02-15 18:00:00,97406.23,97765.51,97373.8,97596.94,414.3758484
2025-02-16 00:00:00,97596.54,97738.22,97432.42,97597.07,370.44127804
2025-02-16 06:00:00,97597.07,97630.39,97065.45,97336.01,196.57733245
2025-02-16 12:00:00,97336.01,97347.06,96677.36,96995.1,553.39260976
2025-02-16 18:00:00,96995.1,97297.77,96057.68,96119.88,1053.8820486
2025-02-17 00:00:00,96119.88,96644.75,95811.44,96254.84,594.56869084
2025-02-17 06:00:00,96252.12,96484.35,95891.66,96068.38,390.80020231
2025-02-17 12:00:00,96068.38,97050.64,95268.11,95485.52,1317.76707437
2025-02-17 18:00:00,95478.51,96428.76,95200,95781.8,1229.87676511
2025-02-18 00:00:00,95781.8,96317.67,95535.83,95603.2,675.53862858
2025-02-18 06:00:00,95603.2,95861.72,95075,95605.56,804.80798548
2025-02-18 12:00:00,95605.56,96730,94050.01,94051.53,2763.20274111
2025-02-18 18:00:00,94062.19,95623.65,93333,95607.4,4623.84942914
2025-02-19 00:00:00,95612.97,95919.06,95000.01,95252.74,1055.64714142
2025-02-19 06:00:00,95252.74,96468.99,95204.19,96408.32,1005.01555313
2025-02-19 12:00:00,96408.32,96700,95503.22,96376.99,1983.31703145
2025-02-19 18:00:00,96376.99,96880,95392.79,96632.03,2901.46924739
2025-02-20 00:00:00,96632.03,97370.33,96419.07,96921.85,1841.37082677
2025-02-20 06:00:00,96921.85,97400,96790.78,97219.01,1357.28788309
2025-02-20 12:00:00,97214.55,98076.95,96808.5,97989.54,3791.56483447
2025-02-20 18:00:00,97989.54,98768.54,97971.46,98347.2,3592.62268335
2025-02-21 00:00:00,98347.2,98547.53,98106.38,98369.89,1435.70880808
2025-02-21 06:00:00,98369.89,98938.4,98135.17,98662.06,1492.97987332
2025-02-21 12:00:00,98662.06,99517.52,96805.67,96966.86,7016.25408032
2025-02-21 18:00:00,96960.63,97253.31,94721.92,96157.03,9353.29645786
2025-02-22 00:00:00,96157.03,96538.92,95767.95,96517.67,2326.18587397
2025-02-22 06:00:00,96517.66,96637.44,96121.83,96579.99,1467.21987749
2025-02-22 12:00:00,96579.98,96982.52,96453.12,96631.41,1873.93944316
2025-02-22 18:00:00,96631.41,96829.66,96350.48,96582.12,1656.67846781
2025-02-23 00:00:00,96578.49,96679.93,96212.63,96214.79,1659.67996126
2025-02-23 06:00:00,96216.83,96616.95,96067.69,96117.98,687.9373473
2025-02-23 12:00:00,96117.98,96165.38,95243.91,95663.67,722.94081032
2025-02-23 18:00:00,95663.66,96337.06,95513.51,96265.98,717.28893447
2025-02-24 00:00:00,96266.23,96515.41,95072.6,95734.03,1221.13935057
2025-02-24 06:00:00,95734.03,96189.8,95384.13,95842.17,778.26364054
2025-02-24 12:00:00,95842.18,96110.94,93813.99,94653.63,4042.23825993
2025-02-24 18:00:00,94642.73,94863.28,91300,91510.82,6602.40224966
2025-02-25 00:00:00,91509.88,92549.99,90888.89,92050.96,3255.57306958
2025-02-25 06:00:00,92056.9,92122,86784.77,89215.64,6075.41857033
2025-02-25 12:00:00,89215.64,89510.62,85836.18,87131.17,12052.19844416
2025-02-25 18:00:00,87131.16,89429.34,86371.64,88583.74,10204.72707139
2025-02-26 00:00:00,88583.17,89305.68,88020.01,88319.91,1865.08921015
2025-02-26 06:00:00,88319.9,89252.01,88030,88544.51,1254.70402657
2025-02-26 12:00:00,88544.5,88613.79,85350,85942.56,6442.30131981
2025-02-26 18:00:00,85942.52,86400,82111.12,84111.78,12006.46007466
2025-02-27 00:00:00,84111.77,85870.21,83923.2,85806.66,3444.46822886
2025-02-27 06:00:00,85802.17,86993.87,85609.4,86622.46,1481.07282885
2025-02-27 12:00:00,86617.21,86722.2,84246.31,84487.88,6207.95102572
2025-02-27 18:00:00,84486.45,84879.24,82554.11,84625.19,5703.06316384
2025-02-28 00:00:00,84627.5,84816.43,79045.93,79862.35,10854.07368192
2025-02-28 06:00:00,79862.4,80794.02,78167.81,80445.74,6291.13212267
2025-02-28 12:00:00,80445.72,84921.99,80015.61,83592.08,9185.6124164
2025-02-28 18:00:00,83592.07,85116.19,83172.86,84297.73,4424.92422978
2025-03-01 00:00:00,84297.74,86534.96,83772.54,85562.68,1925.25532587
2025-03-01 06:00:00,85568.32,85637.78,84342.25,84601.34,1866.99481849
2025-03-01 12:00:00,84602.57,85332.92,84300.41,85164.06,1466.50895764
2025-03-01 18:00:00,85164.05,86235.93,85023.68,86018.76,1593.7850242
2025-03-02 00:00:00,86018.82,86465,85485.09,85905.36,831.13240855
2025-03-02 06:00:00,85906.04,86500,85615,86061.79,530.68060848
2025-03-02 12:00:00,86061.79,95128.88,85003.35,94120,10815.39836077
2025-03-02 18:00:00,94120,94850,92292.35,94265.48,4574.01835216
2025-03-03 00:00:00,94265.47,94415.61,92409.63,93309.21,2687.89654862
2025-03-03 06:00:00,93315.56,93315.56,91107.71,92709.31,2569.48019054
2025-03-03 12:00:00,92705,93714.52,89038.66,90235.37,7804.32026806
2025-03-03 18:00:00,90245.75,90392.06,85007.01,86161.1,9629.97367892
2025-03-04 00:00:00,86161.09,86726.4,82405.43,84220.09,5649.43691219
2025-03-04 06:00:00,84215.53,84355.1,82982.17,83891.42,1961.91342637
2025-03-04 12:00:00,83891.75,85500,81444,85418.77,8748.50621467
2025-03-04 18:00:00,85411.78,88977.27,85102.5,87249.96,6770.51443331
2025-03-05 00:00:00,87247.93,87871.38,86329.22,87116.95,2258.88511112
2025-03-05 06:00:00,87116.97,90645.36,86965.37,89809.09,1653.38710714
2025-03-05 12:00:00,89804.58,90943.34,87547.8,89679.21,7093.26110087
2025-03-05 18:00:00,89674.34,91000,88801.78,90603.73,3895.40064641
2025-03-06 00:00:00,90607.73,92817.29,89972.74,92733.92,2292.09705586
2025-03-06 06:00:00,92739.98,92767.6,90601,91347.32,1629.71331329
2025-03-06 12:00:00,91347.32,91463.3,87960.77,88597.9,5304.57468917
2025-03-06 18:00:00,88605.22,90807.7,87790.5,89921.85,4077.05238837
2025-03-07 00:00:00,89915.02,91280,84608.27,88217.09,8223.78035328
2025-03-07 06:00:00,88217.09,89700,87762.02,88965.44,1708.96963998
2025-03-07 12:00:00,88965.44,91116.43,86478.52,87637.54,10803.7834008
2025-03-07 18:00:00,87652.59,89020.82,85564.08,86756.98,6400.66883614
2025-03-08 00:00:00,86753.3,86863.38,85200,86249.81,1260.67086434
2025-03-08 06:00:00,86249.81,86632.98,85730.25,85915.46,439.09776086
2025-03-08 12:00:00,85922.09,86600,85633.59,85920.07,803.0150587
2025-03-08 18:00:00,85911.48,86500,85760.72,86206.69,520.4641826
2025-03-09 00:00:00,86206.64,86480,85906.97,86004.1,424.95270845
2025-03-09 06:00:00,86000.2,86151.18,84641.02,85004.95,569.51555357
2025-03-09 12:00:00,85004.71,85042.38,82195,82343.05,2312.92378835
2025-03-09 18:00:00,82343.04,83518.9,80000,80699.17,4258.05544524
2025-03-10 00:00:00,80708.21,82776.25,80027,82293.22,3129.29527162
2025-03-10 06:00:00,82302.71,84033.66,81140,83570.23,1974.16452648
2025-03-10 12:00:00,83571.39,83768,78133.08,78394.62,10149.07556367
2025-03-10 18:00:00,78391.75,79826.74,77389,78544.71,6122.5658482
2025-03-11 00:00:00,78548.18,80432.83,76555,80224.46,4566.88431622
2025-03-11 06:00:00,80224.46,82088.77,80058.96,81705.72,1730.14147261
2025-03-11 12:00:00,81704.03,82276.4,79000.01,81284.8,6717.2674212
2025-03-11 18:00:00,81275.61,83600,81258.48,82914.51,4082.08659262
2025-03-12 00:00:00,82911.81,83767.27,81558.48,81936.04,2271.12269852
2025-03-12 06:00:00,81944.89,83049.95,81247.25,82978.09,1457.23541288
2025-03-12 12:00:00,82974.82,84442.69,80572.21,81816.36,6701.01816827
2025-03-12 18:00:00,81818.55,83872.4,81685.5,83659.43,2187.84430233
2025-03-13 00:00:00,83659.45,84310.8,83068.83,83138.51,1257.20219121
2025-03-13 06:00:00,83144.85,83537.65,82396.51,82945.17,1174.98654068
2025-03-13 12:00:00,82940.63,83873.66,79890,80009.96,5234.77903803
2025-03-13 18:00:00,80013.6,81446.79,79950,81073.43,2839.83266491
2025-03-14 00:00:00,81071.5,82238.51,80771.17,82135.41,1059.38081552
2025-03-14 06:00:00,82135.4,83336.72,81749.65,83236.54,1296.68172947
2025-03-14 12:00:00,83236.54,85318.61,82605.43,84373.72,6062.99020213
2025-03-14 18:00:00,84367.93,84954.61,83711.65,83980.49,2438.40429212
2025-03-15 00:00:00,83989.86,84690.43,83962.56,84274.28,662.2046289
2025-03-15 06:00:00,84275.57,84318.5,83612.24,84118.58,467.6252706
2025-03-15 12:00:00,84118.57,84498.23,84022.43,84419.29,663.49565775
2025-03-15 18:00:00,84419.29,84474.68,84111,84351.46,538.59472853
2025-03-16 00:00:00,84351.45,84430.99,83744.92,84399.99,590.92406874
2025-03-16 06:00:00,84396.72,84410.24,82373.06,82404.39,659.00354075
2025-03-16 12:00:00,82404.39,85092.35,82374.68,83907.01,1467.69832649
2025-03-16 18:00:00,83907,84096.94,81969.44,82562.57,1342.27171501
2025-03-17 00:00:00,82562.5,83853.47,82504.95,83105.33,882.7266863
2025-03-17 06:00:00,83103.32,83772.3,82660.86,83495.08,855.66642324
2025-03-17 12:00:00,83495.08,84340,82416.98,84190.12,3780.12271603
2025-03-17 18:00:00,84193.62,84758.46,83745.72,84011.4,2267.46150807
2025-03-18 00:00:00,84011.39,84029.67,82830,83013.53,1104.19072963
2025-03-18 06:00:00,83010.15,83456.42,82235.91,82573.41,1137.211477
2025-03-18 12:00:00,82566.72,82813.06,81125,81446,2882.06573461
2025-03-18 18:00:00,81442.25,82809,81222.54,82698.76,2193.16502479
2025-03-19 00:00:00,82699.53,83343.62,82535.53,83243.37,1260.3877323
2025-03-19 06:00:00,83243.37,84082,83055.79,83878.5,1904.98345124
2025-03-19 12:00:00,83878.5,84915.27,83512,84244.86,3927.25696855
2025-03-19 18:00:00,84241.54,87045.45,83575.51,86877.96,5963.40704677
2025-03-20 00:00:00,86877.97,87492.87,85443.53,85843.07,2460.94385321
2025-03-20 06:00:00,85839,86331.26,84755.16,85487.31,985.1499953
2025-03-20 12:00:00,85480.35,86511.16,83596.75,84054.22,4118.59044814
2025-03-20 18:00:00,84045.6,84587.79,83866.61,84183.42,2315.6326661
2025-03-21 00:00:00,84183.41,84809.72,84141.47,84437.17,903.42056523
2025-03-21 06:00:00,84437.58,84445.32,83673.87,84015.23,766.40431919
2025-03-21 12:00:00,84015.23,84332.35,83100,83986,2791.51837673
2025-03-21 18:00:00,83985.99,84559.64,83765.59,84061.96,1796.29232642
2025-03-22 00:00:00,84061.96,84400,83956.6,84296.31,288.79304998
2025-03-22 06:00:00,84298.1,84517.75,84102.9,84217.55,513.73013112
2025-03-22 12:00:00,84217.56,84297.86,83969.35,84237.94,640.89886578
2025-03-22 18:00:00,84237.94,84333.7,83659.69,83852.03,665.09140381
2025-03-23 00:00:00,83852.06,84294.3,83804.67,84228.64,603.33682511
2025-03-23 06:00:00,84228.64,85055.35,84191.53,84692.8,705.0861437
2025-03-23 12:00:00,84692.81,85414.68,84572.52,85014.24,1005.82946789
2025-03-23 18:00:00,85014.25,86128.99,84801.3,86092.94,1153.21701607
2025-03-24 00:00:00,86092.95,87045.58,85533.06,86909.7,1452.16696553
2025-03-24 06:00:00,86909.7,87912.81,86758.48,87709.91,1138.56582673
2025-03-24 12:00:00,87710.03,88804.64,87140.84,88482.34,6030.28427637
2025-03-24 18:00:00,88482.34,88600,87074.42,87523.62,4486.48684781
2025-03-25 00:00:00,87518.09,87719.44,86321.97,86673.81,1308.92045857
2025-03-25 06:00:00,86673.81,87514.19,86339.29,87391.98,1223.97067222
2025-03-25 12:00:00,87397.04,88388.96,86944.42,87962.76,3974.18300618
2025-03-25 18:00:00,87962.76,88584.34,87170.43,87427.88,3646.90898676
2025-03-26 00:00:00,87432.82,87936.31,87057,87552.49,915.55283742
2025-03-26 06:00:00,87554.3,88304.1,87467.14,87991.1,838.78106764
2025-03-26 12:00:00,87991.1,88059.13,86390.67,86578.36,2769.01384122
2025-03-26 18:00:00,86573.97,87429.69,85850,86926.01,2362.37211413
2025-03-27 00:00:00,86926.01,87790.12,86809.6,87331.58,851.18529445
2025-03-27 06:00:00,87337.11,87617,86782.75,86955.43,695.62269935
2025-03-27 12:00:00,86955.43,87575.75,85784,86888.6,3708.95278109
2025-03-27 18:00:00,86888.61,87719.5,86850.76,87217.48,1648.33308616
2025-03-28 00:00:00,87214.07,87498.15,85799,86025.69,1474.3460123
2025-03-28 06:00:00,86028.08,86226.45,84771.04,85221.77,1921.3523034
2025-03-28 12:00:00,85221.76,85562.07,83533.4,83936.73,4347.67420262
2025-03-28 18:00:00,83941.07,84485.5,83568.57,84381.8,2288.42757155
2025-03-29 00:00:00,84381.81,84584.13,83675.05,83975.7,614.67354591
2025-03-29 06:00:00,83975.69,83975.7,81966,82257.95,973.77984004
2025-03-29 12:00:00,82257.97,82856.15,81608.99,82315.14,990.90822451
2025-03-29 18:00:00,82315.13,82757.32,82168.17,82616.83,614.88142617
2025-03-30 00:00:00,82624.06,83489.19,82462.18,82941.71,565.52889393
2025-03-30 06:00:00,82941.7,83508.98,82825.21,83100.64,271.29062354
2025-03-30 12:00:00,83100.64,83249.87,82028.32,82388.57,695.82421869
2025-03-30 18:00:00,82393.59,82865.78,81538.88,82379.98,940.07928612
2025-03-31 00:00:00,82379.98,82440.58,81265.16,82154.06,973.39993962
2025-03-31 06:00:00,82154.06,82290.12,81277.02,82199.88,988.83408872
2025-03-31 12:00:00,82194.87,83920.8,81632.09,82666.85,3327.0896824
2025-03-31 18:00:00,82666.84,83562.01,82235.92,82534.32,1598.62323152
2025-04-01 00:00:00,82534.31,83322.63,82403.32,82987.42,843.80228944
2025-04-01 06:00:00,82987.42,84507.19,82870.18,83917.98,1356.97807317
2025-04-01 12:00:00,83917.98,85519.56,82496.92,85109.38,5184.80678169
2025-04-01 18:00:00,85109.37,85566.53,84705.88,85170.37,1745.38978135
2025-04-02 00:00:00,85166.92,85271.44,84094.34,84106.72,1090.27793381
2025-04-02 06:00:00,84106.71,85440.16,83911.01,84566.01,1121.88432425
2025-04-02 12:00:00,84566.02,87397.32,84470.1,86621.13,5479.60171653
2025-04-02 18:00:00,86618.36,88530,82283.01,82490.08,9056.51864878
2025-04-03 00:00:00,82490.1,83953.45,82140.41,83330.01,1785.49896317
2025-04-03 06:00:00,83330.01,83774.16,82999.99,83076.96,1378.08809868
2025-04-03 12:00:00,83076.95,83131.19,81177.7,81799.94,6243.30368538
2025-04-03 18:00:00,81799.94,83298.09,81495.38,83174.33,2394.02031843
2025-04-04 00:00:00,83178.68,83391.64,82561.67,83169.87,1121.0421696
2025-04-04 06:00:00,83169.88,84720.67,81643.54,82667.11,2918.29722583
2025-04-04 12:00:00,82656.36,84597.31,81800.01,84439.62,8164.70723892
2025-04-04 18:00:00,84439.61,84584.34,83459.54,83860.16,2388.98429453
2025-04-05 00:00:00,83859.78,84238.35,83415.01,83661.81,834.81046787
2025-04-05 06:00:00,83661.81,83875.61,83286.76,83429.91,478.57098321
2025-04-05 12:00:00,83427.14,83533.91,82346.61,82840,926.21321748
2025-04-05 18:00:00,82840,83637.32,82737.25,83498.25,596.83453806
2025-04-06 00:00:00,83505.88,83773.58,83131.54,83410.94,427.28786744
2025-04-06 06:00:00,83411,83437.13,82611.13,82802.77,354.62534643
2025-04-06 12:00:00,82802.77,82943.8,80542.14,80777.26,1937.55277534
2025-04-06 18:00:00,80777.54,80778.82,77058.99,78370.75,8295.39348809
2025-04-07 00:00:00,78370.15,79299.97,76572.28,76890.16,3974.09945854
2025-04-07 06:00:00,76890.16,77526.19,74420.69,76649.67,5282.99745052
2025-04-07 12:00:00,76647.99,81223.67,75696.25,79030.23,14141.30174168
2025-04-07 18:00:00,79040.46,80190.96,77975,79140.01,3308.13065723
2025-04-08 00:00:00,79140.02,80849.98,78750.01,79841.14,2029.28254002
2025-04-08 06:00:00,79841.13,80057.7,78795.56,79956.21,1866.13341951
2025-04-08 12:00:00,79964.49,80355.1,76474.87,77275.57,6823.5334141
2025-04-08 18:00:00,77288.33,77935.29,76167.35,76251.64,4198.07414329
2025-04-09 00:00:00,76258.8,76894.68,74553.01,76683.97,3922.00093308
2025-04-09 06:00:00,76685.81,77942.36,75721.12,76201.93,3058.34146255
2025-04-09 12:00:00,76193.99,82289.15,75974.35,82183.56,10158.73118797
2025-04-09 18:00:00,82188.09,83583.35,81652.59,82594.75,6445.87105724
2025-04-10 00:00:00,82593.15,82730.93,81442.78,82142.32,1969.29371846
2025-04-10 06:00:00,82142.32,82327.99,81274,81829.71,1165.21915974
2025-04-10 12:00:00,81829.71,82398.91,78387.24,79269.04,6519.29067516
2025-04-10 18:00:00,79274,79989.63,79156.42,79552.34,2222.32423353
2025-04-11 00:00:00,79552.34,81060.99,78919.94,80774.42,1776.92659147
2025-04-11 06:00:00,80774.43,82956.11,80745.05,82085.93,1872.28745823
2025-04-11 12:00:00,82083.11,84027.99,81284.8,83915.19,4195.38035622
2025-04-11 18:00:00,83906.76,84299,83101.95,83380.47,2120.09262549
2025-04-12 00:00:00,83379.64,83557.93,82765.26,83308.21,753.94466633
2025-04-12 06:00:00,83308.21,83999.53,83269.48,83496.35,459.19818542
2025-04-12 12:00:00,83496.35,85384.64,83446.18,84738.49,1702.8346867
2025-04-12 18:00:00,84738.48,85909.97,84725.12,85271.01,1056.51528207
2025-04-13 00:00:00,85271.02,86092.99,84385,84500.57,1001.3199126
2025-04-13 06:00:00,84502.96,84937.63,84192.19,84509.34,388.4164573
2025-04-13 12:00:00,84509.34,84992.16,83443.33,84742.45,1047.21781865
2025-04-13 18:00:00,84737.77,84934.7,83010,83733.07,1467.20510702
2025-04-14 00:00:00,83733.07,85500,83655.27,84560.85,1382.503452
2025-04-14 06:00:00,84560.84,84956.58,84180,84917.14,665.69609346
2025-04-14 12:00:00,84917.89,85818.06,83696.65,84876.95,3176.29109008
2025-04-14 18:00:00,84868.07,85227.78,84420.01,84590.36,2022.53279765
2025-04-15 00:00:00,84590.36,85866.26,84345.03,85522.69,1051.83672652
2025-04-15 06:00:00,85525.61,85997.35,85333.72,85582.16,981.38044589
2025-04-15 12:00:00,85582.15,86491.4,84425.18,84493.2,2682.18722017
2025-04-15 18:00:00,84484.76,84615.79,83592.77,83629.78,1746.36585163
2025-04-16 00:00:00,83622.52,83946.7,83088.02,83352.63,1204.84813772
2025-04-16 06:00:00,83352.65,84129.8,83127.07,84039.82,1170.61649512
2025-04-16 12:00:00,84046.79,85526.4,83250,83285.5,3828.7089793
2025-04-16 18:00:00,83285.51,84687.67,83250.01,84028.72,2042.56387689
2025-04-17 00:00:00,84028.71,84500,83795.38,84395.09,774.69529077
2025-04-17 06:00:00,84395.1,85044.22,84166.14,84565.44,660.27202673
2025-04-17 12:00:00,84559.64,85221,83711.69,85113.08,2426.2013293
2025-04-17 18:00:00,85111.58,85494.94,84520.14,84961.97,2004.53212645
2025-04-18 00:00:00,84961.97,85150.94,84513.58,84745.85,456.76317493
2025-04-18 06:00:00,84745.86,84783.16,84408.43,84662.41,313.67709332
2025-04-18 12:00:00,84662.39,84764.74,84287.06,84559.22,648.35625634
2025-04-18 18:00:00,84559.22,84680.37,84335.56,84466.47,465.28016248
2025-04-19 00:00:00,84466.47,85250,84353.45,85087.1,515.60465442
2025-04-19 06:00:00,85087.1,85442.05,84889.9,85218.88,306.01620069
2025-04-19 12:00:00,85218.89,85625,84700,85227.65,570.194463
2025-04-19 18:00:00,85227.64,85368.11,85001.52,85074.99,291.49215062
2025-04-20 00:00:00,85074.59,85319.21,85035.36,85087.96,262.83796428
2025-04-20 06:00:00,85087.96,85163.4,83972.82,84135.23,420.8230717
2025-04-20 12:00:00,84135.17,84674.72,84104.16,84582.79,357.26482016
2025-04-20 18:00:00,84582.78,85298.25,84465.06,85177.34,771.21739751
2025-04-21 00:00:00,85177.33,87738.76,85135.98,87548.32,2696.57831062
2025-04-21 06:00:00,87548.32,87799.97,86636.54,86982.49,785.29421663
2025-04-21 12:00:00,86982.48,88575.62,86373.09,86869.28,7509.64011352
2025-04-21 18:00:00,86862.33,87631.85,86640.33,87522.07,1612.24564078
2025-04-22 00:00:00,87513.53,88872.41,87077.17,88395.59,1409.4606559
2025-04-22 06:00:00,88394.73,88700,87990.36,88626.65,776.03265976
2025-04-22 12:00:00,88626.65,91594.4,88494.47,91493.67,11146.65019292
2025-04-22 18:00:00,91493.67,93952.62,91000.22,93489.1,6127.9508201
2025-04-23 00:00:00,93486.57,93929.4,92622.58,93509.89,2388.7124248
2025-04-23 06:00:00,93509.89,94500,93327.75,93485.87,1570.77125455
2025-04-23 12:00:00,93485.86,94686,91902.19,93928.56,5421.96911909
2025-04-23 18:00:00,93925.05,94276.48,93001,93740.92,3156.86856663
2025-04-24 00:00:00,93740.93,93843.15,92400.01,92608.14,1293.06527394
2025-04-24 06:00:00,92608.16,92697.94,91685.18,92648.58,1050.12373819
2025-04-24 12:00:00,92648.58,93655.56,92450.03,93052.33,4017.296292
2025-04-24 18:00:00,93050.41,94061.02,93036.75,94021.96,2960.32331407
2025-04-25 00:00:00,94021.97,94499.52,92880.01,93235.55,1223.08705465
2025-04-25 06:00:00,93235.55,94699.99,93225.06,94677.3,1790.92603275
2025-04-25 12:00:00,94677.29,95976.34,94000,94588.5,7518.48451854
2025-04-25 18:00:00,94588.56,95479.17,94551.26,94708.79,3616.13634156
2025-04-26 00:00:00,94707.79,95273.52,94420,94660.84,534.16917782
2025-04-26 06:00:00,94660.83,94856.35,94023.66,94178.17,468.53336174
2025-04-26 12:00:00,94178.17,94439.81,93903.01,94366.62,662.52756984
2025-04-26 18:00:00,94366.62,94937.95,94126.42,94666.64,588.75931377
2025-04-27 00:00:00,94666.64,95351.11,93680,93945.98,772.01029624
2025-04-27 06:00:00,93945.98,94357.14,93890.77,93959.34,275.53458172
2025-04-27 12:00:00,93946.17,94227.58,93654.77,94076.94,556.0013203
2025-04-27 18:00:00,94076.94,94588.54,93672.88,93780.57,701.39169715
2025-04-28 00:00:00,93780.56,94389.34,92829.44,94260.49,1555.50413799
2025-04-28 06:00:00,94260.5,95583.6,94260.5,95363.13,1301.4692162
2025-04-28 12:00:00,95363.11,95652.66,93477,94117.78,3093.37600776
2025-04-28 18:00:00,94117.79,95200,93805,95042.57,1398.13901055
2025-04-29 00:00:00,95042.56,95477.77,94234.3,94312.93,1218.33309032
2025-04-29 06:00:00,94312.92,95332.99,94286.78,95161.84,1092.72368589
2025-04-29 12:00:00,95161.84,95498.99,94567.5,95273.6,1913.95377935
2025-04-29 18:00:00,95273.6,95499,93761.26,94271.09,1754.9341733
2025-04-30 00:00:00,94271.08,95210.43,94152.2,94928.92,762.70081357
2025-04-30 06:00:00,94926.99,95263.74,94523.16,95211,738.16893548
2025-04-30 12:00:00,95211.01,95252.77,92911.88,94106.94,3201.35420777
2025-04-30 18:00:00,94105.5,94802.74,93748.01,94182.54,1809.09382923
2025-05-01 00:00:00,94182.55,95200,94136.79,95168.36,1208.73212325
2025-05-01 06:00:00,95168.35,96414,94820,96208.98,1508.4717748
2025-05-01 12:00:00,96205.96,97546.99,95846.1,96847.29,4011.49549838
2025-05-01 18:00:00,96847.22,97023.1,96226.47,96524.98,1605.3274142
2025-05-02 00:00:00,96524.98,97333,96489.61,96737.63,924.55092602
2025-05-02 06:00:00,96736.96,97146.3,96369.69,96964.54,632.23960391
2025-05-02 12:00:00,96964.54,97948.56,96700,97454.85,2502.38751326
2025-05-02 18:00:00,97454.87,97685.13,96605.36,96929.81,1650.43207752
2025-05-03 00:00:00,96929.81,96974.78,96335.67,96456.12,475.57829184
2025-05-03 06:00:00,96456.13,96458.7,95872.01,95970.15,451.62956929
2025-05-03 12:00:00,95970.17,96555.88,95911,96222.12,444.3491759
2025-05-03 18:00:00,96222.12,96451.19,95765.13,95861.33,705.99972295
2025-05-04 00:00:00,95865.47,96312.51,95582.14,96054.63,921.40605947
2025-05-04 06:00:00,96054.63,96162.38,95310,95433.42,325.14294615
2025-05-04 12:00:00,95433.43,95681.88,95231,95419.08,465.94701868
2025-05-04 18:00:00,95415.88,95772.57,94151.67,94272.55,1121.90084065
2025-05-05 00:00:00,94272.54,94806.11,93500.01,94729.86,1258.21664043
2025-05-05 06:00:00,94729.88,94831.88,93880.31,94037.13,656.42858055
2025-05-05 12:00:00,94037.13,94623.84,93585.35,94500.6,1687.63276164
2025-05-05 18:00:00,94500.6,95218.82,93865.09,94733.99,1578.73408321
2025-05-06 00:00:00,94733.99,94929.43,94012.77,94324.48,766.96708741
2025-05-06 06:00:00,94324.49,94625.93,93666.82,93793.16,666.4954142
2025-05-06 12:00:00,93793.16,94874.68,93363.28,94514.6,2418.6616836
2025-05-06 18:00:00,94519.9,96916.25,94456.85,96839.17,2312.22320448
2025-05-07 00:00:00,96843.84,97738.05,96207.28,96376.84,1879.08434312
2025-05-07 06:00:00,96376.85,97123,96353.26,97071.81,794.47498383
2025-05-07 12:00:00,97071.81,97523,96189.79,96312.68,2730.13826542
2025-05-07 18:00:00,96316.58,97417.47,95800,97058.32,2925.00116236
2025-05-08 00:00:00,97058.33,99434.33,96888.25,98760.69,2673.79942837
2025-05-08 06:00:00,98750.29,99919.99,98680,99423.03,1365.77545344
2025-05-08 12:00:00,99424.88,101750,99104.88,101046.79,6798.69439043
2025-05-08 18:00:00,101046.79,104176.05,100989.02,103253.49,4541.1661685
2025-05-09 00:00:00,103252.2,103262.94,102350.01,102944,1118.17156175
2025-05-09 06:00:00,102943.99,104352.6,102413.91,102942.84,1592.27371946
2025-05-09 12:00:00,102939.79,103799.48,102330.76,103220.67,3113.73740244
2025-05-09 18:00:00,103220.21,103449.99,102743.73,102986.96,1494.42171817
2025-05-10 00:00:00,102986.94,103383.21,102831.41,103375.52,578.38858594
2025-05-10 06:00:00,103375.51,104099.12,103367.57,103440.31,760.48091018
2025-05-10 12:00:00,103440.32,103848.06,103105.01,103185.01,663.90848777
2025-05-10 18:00:00,103185.02,104997,103023.04,104821.19,1101.39345192
2025-05-11 00:00:00,104817.83,104980.89,103450.4,103845.85,900.17595227
2025-05-11 06:00:00,103855.9,104774.47,103360.22,104665.28,510.05579644
2025-05-11 12:00:00,104665.28,104907.72,103759.64,104066.09,714.8915006
2025-05-11 18:00:00,104060.96,104879.99,103581,104137.62,930.10488273
2025-05-12 00:00:00,104137.58,105059.47,103710,103958.27,1499.81072116
2025-05-12 06:00:00,103958.22,105787.37,103594.04,103753.93,2825.32433901
2025-05-12 12:00:00,103748,104649.99,102358.44,102564.85,3677.68954606
2025-05-12 18:00:00,102564.85,103137.14,100703.71,102800.21,3002.58213355
2025-05-13 00:00:00,102800.22,102805.22,101447.78,102471.43,1153.32237789
2025-05-13 06:00:00,102471.43,103847.83,102325.11,103748.34,1232.39808838
2025-05-13 12:00:00,103748.33,104442.31,102850,104298.32,3272.89517765
2025-05-13 18:00:00,104296.97,105038.53,103887.21,104131.06,3069.27541444
2025-05-14 00:00:00,104131.2,104140.16,103447.56,103912.36,1156.14247266
2025-05-14 06:00:00,103912.35,104168.17,102878.01,103952.28,1777.94033605
2025-05-14 12:00:00,103954.37,104373,102603.27,103279.95,2594.19032516
2025-05-14 18:00:00,103279.95,103741.08,103044.31,103545.38,2100.42863914
2025-05-15 00:00:00,103540.91,103898.61,102350,102389.01,1164.61583244
2025-05-15 06:00:00,102395.05,102709.34,101526.69,102402.12,968.84316897
2025-05-15 12:00:00,102402.11,104200,101400.01,103990.88,3274.77152853
2025-05-15 18:00:00,103990.87,104044.52,102570,103786.43,2154.77893968
2025-05-16 00:00:00,103786.4,104493.89,103473.01,103934.56,1134.15547953
2025-05-16 06:00:00,103934.58,104211.65,103125.51,103706.52,1374.38778387
2025-05-16 12:00:00,103706.52,104616.71,103367.11,103901.06,2351.81702759
2025-05-16 18:00:00,103901.06,104136,103440.58,103500.03,2021.29679012
2025-05-17 00:00:00,103500.03,103741.98,102612,103377.28,657.98525541
2025-05-17 06:00:00,103376.4,103658.62,102778.19,103021.2,348.38364126
2025-05-17 12:00:00,103021.2,103334.33,102672.81,103164.2,425.00272441
2025-05-17 18:00:00,103164.19,103516.94,102940.31,103161.07,417.58088913
2025-05-18 00:00:00,103162.53,103717.91,103130.95,103671.09,215.35163491
2025-05-18 06:00:00,103671.07,104107.85,103400,103836.86,323.04606187
2025-05-18 12:00:00,103835.55,105950,103735,104878.45,1599.04948793
2025-05-18 18:00:00,104882.36,106692.97,103325.98,106473.46,1993.16170628
2025-05-19 00:00:00,106488.77,107137.68,102555,103051.85,2589.51077208
2025-05-19 06:00:00,103045.53,103484.99,102105,102979.01,1081.10229394
2025-05-19 12:00:00,102979.01,105589.91,102166.31,105400.16,4369.02128632
2025-05-19 18:00:00,105400.17,105862.54,104662.41,105616.18,2064.68903777
2025-05-20 00:00:00,105616.21,106895,105555.53,106135.86,1721.66538985
2025-05-20 06:00:00,106135.86,106239.74,104871.92,105241.6,747.68229619
2025-05-20 12:00:00,105241.6,106388.9,104209.18,106249.57,2505.05358738
2025-05-20 18:00:00,106242.21,107355,105209.2,106883.24,3829.98597477
2025-05-21 00:00:00,106883.24,107779,106235.81,107579.65,1522.63785389
2025-05-21 06:00:00,107587.36,108050.53,106128.14,106594.49,2795.92102512
2025-05-21 12:00:00,106592.79,109888.11,106167.79,106649.54,9336.04943634
2025-05-21 18:00:00,106664.82,110788.98,106385.16,109699.54,4679.30659727
2025-05-22 00:00:00,109697.19,111903.84,109217.23,110871.13,3056.57755711
2025-05-22 06:00:00,110871.13,111340,110279.77,110985.64,1397.26268135
2025-05-22 12:00:00,110999.99,112000,110558,111538.49,3869.78423936
2025-05-22 18:00:00,111538.5,111999.99,110776.26,111722.53,2926.76308342
2025-05-23 00:00:00,111722.54,111824.07,110543.23,110855.98,928.19066861
2025-05-23 06:00:00,110853.89,111377.2,108862.29,109105.05,1678.54184631
2025-05-23 12:00:00,109105.05,110069.81,107327.94,109433.7,4304.84778095
2025-05-23 18:00:00,109433.7,109531.64,106800.01,107329.61,2726.65459984
2025-05-24 00:00:00,107332.08,108594.49,106895.77,108265.52,846.809039
2025-05-24 06:00:00,108265.51,109517.79,107585.79,109224.02,613.69522176
2025-05-24 12:00:00,109229.8,109298.99,108570.97,108959.97,563.02590021
2025-05-24 18:00:00,108959.94,109159.59,107530.02,107794.01,587.82589363
2025-05-25 00:00:00,107794.01,108327.68,107241.34,108138.97,506.36889413
2025-05-25 06:00:00,108138.96,108181.1,106750,107286.33,513.96256367
2025-05-25 12:00:00,107286.33,107802,106632.35,107412.31,823.16086105
2025-05-25 18:00:00,107412.31,109371.04,107200.08,109048.68,1153.50610855
2025-05-26 00:00:00,109048.41,109905.22,108706.04,109686.64,1030.38974514
2025-05-26 06:00:00,109678.17,110289.59,109562.36,109843.01,1022.36071661
2025-05-26 12:00:00,109838.57,110474.41,108931.58,109217.5,1633.30205841
2025-05-26 18:00:00,109217.49,109923.4,108884.34,109464.32,955.32865401
2025-05-27 00:00:00,109464.33,109718.96,107536.41,108942.34,1299.6255546
2025-05-27 06:00:00,108942.34,109950,108866.75,109629.01,1049.95456839
2025-05-27 12:00:00,109630.64,110829.42,108652.66,110296.06,4416.18017471
2025-05-27 18:00:00,110296.06,110488.9,108622.72,108978.46,2061.30888075
2025-05-28 00:00:00,108978.45,109344.89,108446,109042.11,952.5546797
2025-05-28 06:00:00,109042.12,109189.68,108317.5,108916.32,864.22790135
2025-05-28 12:00:00,108916.33,109099,107050,107709.74,2619.1641451
2025-05-28 18:00:00,107709.73,108097.87,106790.16,107819.29,2038.25458672
2025-05-29 00:00:00,107819.26,108552.82,107000,107721.78,1226.36243856
2025-05-29 06:00:00,107721.77,108943.35,107687.93,108816.44,776.69942167
2025-05-29 12:00:00,108816.43,108848.48,106100.95,106302.25,3938.31729415
2025-05-29 18:00:00,106303.76,106628.54,105315,105572.58,3364.2049504
2025-05-30 00:00:00,105572.58,106377.66,104624,106121.13,1454.19844871
2025-05-30 06:00:00,106121.13,106183.66,104639,105901.75,1211.81592663
2025-05-30 12:00:00,105901.75,106031.78,103664.03,104187.47,3548.85329509
2025-05-30 18:00:00,104187.46,105008.96,103634.48,104033.26,1651.29474111
2025-05-31 00:00:00,104033,104334.23,103110.01,103575.42,798.57795733
2025-05-31 06:00:00,103575.43,103953.37,103313.31,103546.34,349.35156683
2025-05-31 12:00:00,103546.34,104921.43,103526.86,104402.75,790.74157841
2025-05-31 18:00:00,104402.74,104965.5,104402.74,104645.87,464.93714151
2025-06-01 00:00:00,104645.87,104800,103976.1,104592.74,369.04651751
2025-06-01 06:00:00,104592.73,104593.14,103808.08,104148.26,336.32460338
2025-06-01 12:00:00,104148.26,105365,103800.81,105106.98,549.72477435
2025-06-01 18:00:00,105113.72,105937.46,104395.06,105697.94,1114.8330204
2025-06-02 00:00:00,105697.93,105788.12,104603.49,104890.32,960.9433277
2025-06-02 06:00:00,104892.89,106000,103974.2,104085.64,925.97563858
2025-06-02 12:00:00,104080.89,104740.14,103685.23,104447.73,1782.35557446
2025-06-02 18:00:00,104447.72,106000,104086.41,105904.94,2149.63357933
2025-06-03 00:00:00,105909.79,106597.45,105178.45,105520.74,978.03082304
2025-06-03 06:00:00,105520.83,105536.66,104910.01,105352.02,711.74836757
2025-06-03 12:00:00,105352.02,106901.68,105094.61,106029.05,2774.13660343
2025-06-03 18:00:00,106029.05,106521.24,105325.2,105447.82,2022.54398376
2025-06-04 00:00:00,105443.95,105908.07,105174.39,105426.15,573.82209643
2025-06-04 06:00:00,105426.15,106058.47,105136.5,105143.88,677.73203912
2025-06-04 12:00:00,105150,105611.83,104202,105098.25,1994.96196955
2025-06-04 18:00:00,105098.25,105350,104462.25,104753.38,1258.51988691
2025-06-05 00:00:00,104753.37,105305.26,104613.37,104698.9,736.9679589
2025-06-05 06:00:00,104700.88,104975.34,104401.49,104875.47,580.00618116
2025-06-05 12:00:00,104875.46,105999.68,103132.19,103245.78,4429.06186139
2025-06-05 18:00:00,103245.8,103379.25,100345.73,101570.2,4881.53739707
2025-06-06 00:00:00,101570.2,103049.99,101132.91,103015.15,1713.68197244
2025-06-06 06:00:00,103015.14,104079.99,102959.35,104005.75,2483.36831103
2025-06-06 12:00:00,104005.77,105439.01,103603.36,105019.22,3427.16619398
2025-06-06 18:00:00,105019.23,105083.99,104131.65,104397.99,2053.0410078
2025-06-07 00:00:00,104398,105100,103969.7,104955.09,1459.85131504
2025-06-07 06:00:00,104955.09,105421.5,104772.43,105208.82,1138.64413801
2025-06-07 12:00:00,105208.82,105889.42,105208.82,105461.96,820.33135121
2025-06-07 18:00:00,105463.15,106000,105462.68,105619.02,722.27443845
2025-06-08 00:00:00,105619.02,105842.42,105451.72,105499.82,285.6577089
2025-06-08 06:00:00,105499.82,105774.4,105028.3,105727.02,266.60128936
2025-06-08 12:00:00,105726.96,106420,105572.53,106151.47,645.64301845
2025-06-08 18:00:00,106151.46,106548.9,105613.03,105784.4,800.70809364
2025-06-09 00:00:00,105784.41,106035.51,105368.27,105437.73,559.86383909
2025-06-09 06:00:00,105437.73,107862,105375.01,107817.21,979.42307858
2025-06-09 12:00:00,107818.56,108499.99,106920.32,108416.31,2565.53965972
2025-06-09 18:00:00,108409.79,110651.12,108350.03,110301.15,2476.42124117
2025-06-10 00:00:00,110299.69,110371.19,109230.86,109356.2,1015.65312108
2025-06-10 06:00:00,109356.21,109898.28,109100.01,109581.05,785.01332617
2025-06-10 12:00:00,109585.04,109927.98,108362.14,108750.99,1666.63350823
2025-06-10 18:00:00,108746.17,110420.08,108541.72,110300.24,1966.37173822
2025-06-11 00:00:00,110300.25,110306.91,109446.63,109494.31,541.92399118
2025-06-11 06:00:00,109494.3,109764.66,109197.89,109246.31,430.02101334
2025-06-11 12:00:00,109246.31,110435.05,108995.64,109000,2032.1136133
2025-06-11 18:00:00,109000,109260.91,108091.74,108669.37,1599.27382678
2025-06-12 00:00:00,108673.77,108853.74,107336.52,107767.88,918.08352781
2025-06-12 06:00:00,107772.15,108016.44,106900.02,106932.65,899.7640603
2025-06-12 12:00:00,106932.66,108478.62,106586.88,108328.51,1685.79195531
2025-06-12 18:00:00,108328.51,108473.07,105706.78,105721.05,2231.03181797
2025-06-13 00:00:00,105716.45,105741.54,102746.01,104080.2,2935.80772588
2025-06-13 06:00:00,104080.17,105500,103900.8,105099.63,1120.2417794
2025-06-13 12:00:00,105099.63,106041.61,104150,105443.1,2259.38847418
2025-06-13 18:00:00,105443.09,106233,104699.57,106118.7,1126.08667967
2025-06-14 00:00:00,106114.53,106264.36,105251.34,105342.51,551.46792892
2025-06-14 06:00:00,105342.5,105394.92,104836.25,105130.39,352.00060864
2025-06-14 12:00:00,105130.38,105186.06,104410.29,104660.81,514.08736156
2025-06-14 18:00:00,104660.81,105545.42,104351.72,105465.42,838.93112611
2025-06-15 00:00:00,105465.42,106150.99,105296.28,106115.74,306.17315272
2025-06-15 06:00:00,106126.56,106184.13,104900.02,105011.89,281.89307486
2025-06-15 12:00:00,105011.89,105896.75,104980.41,105719.55,473.25748843
2025-06-15 18:00:00,105719.5,105728.8,104505.05,105599.25,661.48573626
2025-06-16 00:00:00,105600.21,106821.98,104982.26,106597.74,818.24137362
2025-06-16 06:00:00,106597.74,107299.99,106525.01,106900,713.0310979
2025-06-16 12:00:00,106900,108074.44,106506.75,107790.18,2088.66883481
2025-06-16 18:00:00,107790.17,109000,106738.56,106853.38,2333.04238708
2025-06-17 00:00:00,106853.38,107792.9,106147.24,107150.71,1137.34687105
2025-06-17 06:00:00,107150.68,107274.04,105515.89,105659.83,840.3253391
2025-06-17 12:00:00,105659.35,105887.83,103363.3,103822.11,3311.83844988
2025-06-17 18:00:00,103822.16,105377,103625.17,104590.44,2399.4357644
2025-06-18 00:00:00,104590.44,105603.63,104389.78,105437.95,642.41208379
2025-06-18 06:00:00,105438.52,105564.01,104191.62,104858.58,672.12260934
2025-06-18 12:00:00,104858.58,105348.75,103627,104366.33,1572.95243114
2025-06-18 18:00:00,104356.73,105183,103512.38,104915.6,2030.65670317
2025-06-19 00:00:00,104915.6,105266.61,104490.77,104919.13,739.44682195
2025-06-19 06:00:00,104919.14,105100,104636.53,104802.4,250.22672598
2025-06-19 12:00:00,104802.39,104946.45,103916.37,104535.56,787.02725128
2025-06-19 18:00:00,104538.64,104919.39,104138.95,104671.9,502.35762086
2025-06-20 00:00:00,104671.4,104857.11,104250,104617.65,367.9690687
2025-06-20 06:00:00,104617.65,106553.86,104617.65,106001.7,949.04357596
2025-06-20 12:00:00,106001.71,106167.9,102357.25,103283.32,2360.80641592
2025-06-20 18:00:00,103283.32,103843.48,102980,103317.8,1369.81720118
2025-06-21 00:00:00,103317.79,103722.23,103133.91,103451.68,329.91975653
2025-06-21 06:00:00,103456.22,104013.64,103345.47,103897.18,259.73547924
2025-06-21 12:00:00,103897.18,103968.39,103172.32,103209.11,590.68472707
2025-06-21 18:00:00,103209.11,103461.51,100919.19,102160.03,2107.17331205
2025-06-22 00:00:00,102160.36,103417,101870.48,102890.06,1389.21133266
2025-06-22 06:00:00,102887.35,102990.17,102111.8,102765.41,430.93197424
2025-06-22 12:00:00,102765.4,102859.11,98700.01,99521.3,3911.71806013
2025-06-22 18:00:00,99521.3,101086.49,98225.01,100996.87,2140.39737743
2025-06-23 00:00:00,100996.87,101885.91,100522.05,101804.66,1066.84021223
2025-06-23 06:00:00,101805.41,102177.39,101140.81,101328.51,954.8972224
2025-06-23 12:00:00,101328.54,102764.45,99677.07,102553.58,3319.30020888
2025-06-23 18:00:00,102553.58,106135.47,102450.54,105419.39,3569.82912246
2025-06-24 00:00:00,105418.4,105586.21,104772.91,105477.4,1247.06700556
2025-06-24 06:00:00,105477.4,105916.27,104681.83,105240.53,1234.30440162
2025-06-24 12:00:00,105240.53,106366.29,104851.26,106123.58,1973.00859938
2025-06-24 18:00:00,106123.57,106178.39,105330,106141,1318.82907012
2025-06-25 00:00:00,106141.01,106865.31,105875,106270.77,836.1789491
2025-06-25 06:00:00,106273.62,107286.5,106186.91,107252.04,706.81853803
2025-06-25 12:00:00,107252.05,108206,106818.83,107465.34,3393.38579581
2025-06-25 18:00:00,107465.33,108091.8,107151.06,107400.22,2136.27308003
2025-06-26 00:00:00,107400.22,108345,107166.22,107690.02,828.58688146
2025-06-26 06:00:00,107690.02,108238.78,107163.03,107374.17,790.01140407
2025-06-26 12:00:00,107375.52,107823.59,106605.88,107245.29,1806.6636372
2025-06-26 18:00:00,107249.96,108058.94,106838.41,107029.64,1474.96039383
2025-06-27 00:00:00,107029.63,107643.37,106465.81,107322.6,712.42859947
2025-06-27 06:00:00,107322.61,107804.2,106736.84,107024.46,1324.96638546
2025-06-27 12:00:00,107024.46,107800,106413.79,106914.62,2854.530894
2025-06-27 18:00:00,106914.62,107330.65,106495.82,107113.38,1418.51127852
2025-06-28 00:00:00,107119.17,107400,106868.94,107355.61,398.0273821
2025-06-28 06:00:00,107355.61,107567.86,107312.35,107430.78,221.2210206
2025-06-28 12:00:00,107430.78,107599.81,107149.08,107515.05,307.99245309
2025-06-28 18:00:00,107515.06,107515.06,107198.06,107352.2,300.52717676
2025-06-29 00:00:00,107352.2,107558,107230,107357.38,236.12561901
2025-06-29 06:00:00,107357.38,108518.57,107357.37,108517.46,568.54739005
2025-06-29 12:00:00,108517.46,108550,107350,107580.4,514.55414611
2025-06-29 18:00:00,107580.39,108485.43,107290.01,108386.44,835.63454795
2025-06-30 00:00:00,108386.44,108800,108177.13,108312.37,960.85093612
2025-06-30 06:00:00,108312.39,108336.93,107410.06,107688.4,633.62186173
2025-06-30 12:00:00,107688.39,107891.91,106724.76,107505.1,2310.39817998
2025-06-30 18:00:00,107504.99,107819.52,106944.55,107173.21,934.1774028
2025-07-01 00:00:00,107173.21,107579.3,106766.27,106968.66,570.32714139
2025-07-01 06:00:00,106968.66,107212.89,106310.18,106639.08,745.19058808
2025-07-01 12:00:00,106639.94,107246.53,105635.14,106281.8,2465.74895725
2025-07-01 18:00:00,106281.8,106299.97,105262,105711.78,1371.46091514
2025-07-02 00:00:00,105711.77,106703.99,105119.7,106662.29,728.30788677
2025-07-02 06:00:00,106662.29,107902.41,106653.57,107512.04,1354.80527183
2025-07-02 12:00:00,107512.04,109823.08,107211.14,109217.43,4294.89356397
2025-07-02 18:00:00,109213.03,109779.66,108772.8,108888.32,1617.7858611
2025-07-03 00:00:00,108887.03,109412.6,108574.31,109395.24,628.05890031
2025-07-03 06:00:00,109395.24,110300,109022.19,109625.99,1187.90138698
2025-07-03 12:00:00,109625.99,110590,108769.08,109597.26,2989.90860756
2025-07-03 18:00:00,109597.26,110040,109373.63,109628.83,1628.71032123
2025-07-04 00:00:00,109628.83,109812.94,108943.73,109054.37,550.88541145
2025-07-04 06:00:00,109054.37,109190.5,108500,108936.73,534.24562215
2025-07-04 12:00:00,108936.72,109018.6,107378.1,107920.68,1401.14150877
2025-07-04 18:00:00,107920.67,108314.05,107268.84,108028.6,642.9460576
2025-07-05 00:00:00,108028.6,108454.19,107783.1,108168.62,369.4659211
2025-07-05 06:00:00,108168.62,108341.28,107914.58,108152.24,282.15613521
2025-07-05 12:00:00,108152.24,108273.33,107900,108130.8,396.83408597
2025-07-05 18:00:00,108130.79,108285.12,107990,108246.65,464.69814326
2025-07-06 00:00:00,108246.66,108302.49,107979.45,108038.24,183.85751645
2025-07-06 06:00:00,108038.24,108263.96,107837.7,108110.69,177.90578798
2025-07-06 12:00:00,108110.69,109153.97,108086,108935.01,522.8236109
2025-07-06 18:00:00,108935.01,109736.64,108307.87,109217.98,766.59428664
2025-07-07 00:00:00,109217.98,109741.64,108683.4,109103.39,766.92971267
2025-07-07 06:00:00,109103.4,109195.19,108585,108656.34,488.92567157
2025-07-07 12:00:00,108654.17,108675.81,107790.25,107950.98,2039.61951324
2025-07-07 18:00:00,107950.98,108330.5,107507,108269.84,1159.60863271
2025-07-08 00:00:00,108271.49,108556.13,107438.33,108210.81,695.88160701
2025-07-08 06:00:00,108210.81,109031.21,108130.82,108774.04,595.33390387
2025-07-08 12:00:00,108774.02,109255.99,108092.88,109003.72,1321.05542365
2025-07-08 18:00:00,109003.71,109200,108624.63,108958.04,1173.11980707
2025-07-09 00:00:00,108953.58,109179.85,108329.87,108787.66,470.69409213
2025-07-09 06:00:00,108787.67,109147.08,108568,109085.02,352.11773274
2025-07-09 12:00:00,109085.01,109795.01,108500,109174.02,1498.38275959
2025-07-09 18:00:00,109176.79,112152.91,109135.43,111282.85,5362.63781128
2025-07-10 00:00:00,111282.84,111620.8,110922.25,111138.86,944.41605104
2025-07-10 06:00:00,111138.87,111500,110909.91,111076.74,1331.44879013
2025-07-10 12:00:00,111076.74,113923.99,110541.87,113808.4,4539.78172187
2025-07-10 18:00:00,113808.4,116842,113027.56,116031.3,6104.5608663
2025-07-11 00:00:00,116031.29,118438.84,115211.74,117899.73,2263.91762057
2025-07-11 06:00:00,117899.73,118909.74,117499,117839.32,2124.47146264
2025-07-11 12:00:00,117839.42,118303.73,116632.58,117686.72,3151.64060756
2025-07-11 18:00:00,117686.72,118240.47,117187.73,117582.16,2576.85651523
2025-07-12 00:00:00,117582.16,117951.83,117151.87,117744.28,635.12469052
2025-07-12 06:00:00,117744.27,118244.51,117678.2,117870.35,607.89797311
2025-07-12 12:00:00,117873.88,117933.08,116940.82,117517.49,710.03938587
2025-07-12 18:00:00,117517.49,117696.68,117043.11,117472.65,444.66176306
2025-07-13 00:00:00,117472.65,117967.02,117238.69,117806.28,357.72225095
2025-07-13 06:00:00,117806.28,118154.99,117724.96,118130.41,257.37428942
2025-07-13 12:00:00,118130.41,119450,118007.47,118747.7,1208.21379529
2025-07-13 18:00:00,118752.45,119500,118290.28,119130.81,1637.73269574
2025-07-14 00:00:00,119130.81,122656.11,118949.18,122507.08,2880.73531237
2025-07-14 06:00:00,122493.72,123231.07,121321.12,121463.61,1459.58156034
2025-07-14 12:00:00,121455.88,122161.58,119172.37,119900,5587.2534133
2025-07-14 18:00:00,119899.99,120484.31,119500,119863.71,3609.22926238
2025-07-15 00:00:00,119863.71,119973.3,116250,117304.62,5587.45560686
2025-07-15 06:00:00,117306.37,117306.37,116288,117103.18,3531.06912652
2025-07-15 12:00:00,117103.19,118464.35,115697.37,117355.31,11105.28584141
2025-07-15 18:00:00,117357.94,117989.99,116000,117781.64,3502.50298602
2025-07-16 00:00:00,117781.63,118222,117033.23,117889.64,986.52428272
2025-07-16 06:00:00,117889.64,119320,117781.65,118800,868.15980424
2025-07-16 12:00:00,118799.99,119875.52,118195.89,119140.64,3708.91250813
2025-07-16 18:00:00,119140.63,120134.8,118425.65,118681.68,3687.38983088
2025-07-17 00:00:00,118681.67,119234.95,117724.5,118651.52,1140.56860253
2025-07-17 06:00:00,118653.29,119249.7,117901.23,118016.41,1055.43681395
2025-07-17 12:00:00,118016.41,119384.99,117469,119309.87,2783.6042953
2025-07-17 18:00:00,119309.88,120998.76,118456.74,119273.69,3380.74159714
2025-07-18 00:00:00,119273.7,120890.9,119109.11,120680.09,1557.51400419
2025-07-18 06:00:00,120680.09,120918.68,118430.67,119231.5,1501.645356
2025-07-18 12:00:00,119231.51,119586.55,117331,117642.09,3212.58294747
2025-07-18 18:00:00,117643.98,118108.99,116892.42,118023.05,2463.66155635
2025-07-19 00:00:00,118023.06,118472.5,117700.02,118301.52,497.79413399
2025-07-19 06:00:00,118301.51,118564.59,118020.38,118408.09,284.7456994
2025-07-19 12:00:00,118408.11,118416.33,117700,117871.58,429.22041389
2025-07-19 18:00:00,117871.61,118222,117337.59,117914.17,488.33947252
2025-07-20 00:00:00,117914.17,118230.54,117711,117908.2,354.76618301
2025-07-20 06:00:00,117908.2,118343.55,117821.17,117942.16,301.93911194
2025-07-20 12:00:00,117938.26,118921.76,117772.61,118067.8,678.799456
2025-07-20 18:00:00,118067.79,118610.38,116525,117312.7,1169.0855703
2025-07-21 00:00:00,117315.68,118695.46,116565.01,118470.03,824.21529795
2025-07-21 06:00:00,118473.84,119745.93,118100,118104.65,850.54526871
2025-07-21 12:00:00,118104.65,119310.57,117389,117903.26,1952.58920983
2025-07-21 18:00:00,117907.75,118278.98,116656.86,117428.79,1823.20472643
2025-07-22 00:00:00,117428.79,118050.95,116185,117385.61,1607.27523456
2025-07-22 06:00:00,117392,119265.55,117327.95,119214.92,1277.41787364
2025-07-22 12:00:00,119214.8,119677.88,116600,119254.65,2538.72534988
2025-07-22 18:00:00,119254.6,120300,119121.05,120026.42,2141.1700712
2025-07-23 00:00:00,120034.21,120180.93,118573.3,118691.37,839.92973075
2025-07-23 06:00:00,118693.68,118775.25,117865.16,118597.48,684.77812987
2025-07-23 12:00:00,118597.49,118787.95,117342.21,118198.47,2116.54373023
2025-07-23 18:00:00,118203.97,118840.16,117398,118810.44,1884.88660839
2025-07-24 00:00:00,118810.44,119328.38,117562.42,117667.94,1090.22544577
2025-07-24 06:00:00,117667.95,118884.18,117190,118654.8,1217.05254351
2025-07-24 12:00:00,118646.69,119557.7,117870.18,119191.04,2231.41606828
2025-07-24 18:00:00,119191.03,119495.52,118234.02,118397.04,2598.31871255
2025-07-25 00:00:00,118400,118518.2,115100,115558.62,9162.98177572
2025-07-25 06:00:00,115558.62,116800.75,114750,116514.27,5989.66282761
2025-07-25 12:00:00,116514.27,116654.05,114854.2,116067.75,6247.14822752
2025-07-25 18:00:00,116060.54,117706,116060.54,117633.27,3233.54361186
2025-07-26 00:00:00,117633.27,117804.52,117095.73,117495.45,2000.65886765
2025-07-26 06:00:00,117495.45,118275.79,117362.39,117830.65,2023.75206681
2025-07-26 12:00:00,117826.4,118320.67,117817.61,118081.19,1771.9917771
2025-07-26 18:00:00,118081.19,118371.35,117919.44,117969.63,1178.02659411
2025-07-27 00:00:00,117981.73,118465.72,117865.76,118333.1,1052.62948255
2025-07-27 06:00:00,118333.1,118504.53,117849.99,118133.83,1034.43728625
2025-07-27 12:00:00,118133.82,119581.35,117932.41,119225.02,1567.83788162
2025-07-27 18:00:00,119225.01,119800,118754.4,119465.52,1344.51715661
2025-07-28 00:00:00,119465.52,119839,118977.81,119553.98,905.60542889
2025-07-28 06:00:00,119553.98,119634.94,118468.15,118827.17,1354.1386119
2025-07-28 12:00:00,118826.96,119283.89,117640,117666.57,2771.89836295
2025-07-28 18:00:00,117666.55,118348,117380.6,118070.59,2615.74198147
2025-07-29 00:00:00,118074.43,118871.28,117459.01,118813.38,1135.56848062
2025-07-29 06:00:00,118813.38,119284.78,118144.32,118601.76,776.71979519
2025-07-29 12:00:00,118601.79,119075,116900,117758.49,2852.90299915
2025-07-29 18:00:00,117756.77,118023.6,117049.43,117933.39,1305.67208219
2025-07-30 00:00:00,117933.39,118270.33,117403.51,117978.95,498.09653424
2025-07-30 06:00:00,117978.94,118494.92,117323.08,117571.99,410.21321114
2025-07-30 12:00:00,117572,118809.43,117350,117803.34,1456.59635367
2025-07-30 18:00:00,117803.31,118052.39,115728.49,117830.15,2282.83491475
2025-07-31 00:00:00,117830.15,118621.56,117776.77,118351.39,668.11558836
2025-07-31 06:00:00,118351.39,118920,118271.4,118345.67,473.87563368
2025-07-31 12:00:00,118345.67,118888,117683.97,117726.08,1449.29562178
2025-07-31 18:00:00,117731.71,117999.99,115500,115761.13,2056.36529498
2025-08-01 00:00:00,115756.12,116065.12,114136.2,115557.51,1794.93446687
2025-08-01 06:00:00,115553.29,115660,114058.29,115267.54,1200.23824063
2025-08-01 12:00:00,115267.53,115989.58,113916.85,114374.85,3380.78712482
2025-08-01 18:00:00,114371.47,114463.96,112659,113248.73,2820.62458403
2025-08-02 00:00:00,113248.83,114023.58,113150,113943.42,611.4575925
2025-08-02 06:00:00,113943.43,114005.58,113397.32,113761.44,436.68559892
2025-08-02 12:00:00,113761.43,113761.44,112542.14,112703.1,777.63354009
2025-08-02 18:00:00,112702.98,113039.45,112000,112542.74,1120.80438429
2025-08-03 00:00:00,112542.75,113731.05,111903.68,113604.88,670.1244799
2025-08-03 06:00:00,113608.99,114238.99,113450,113857.28,313.08566443
2025-08-03 12:00:00,113858.69,114172.07,113573.09,114125.03,506.26163246
2025-08-03 18:00:00,114125.03,114794.99,114054.69,114215.73,722.90100756
2025-08-04 00:00:00,114215.7,115000,114121.39,114398.04,668.0193574
2025-08-04 06:00:00,114387.46,114792.93,114153.95,114504.62,432.0522756
2025-08-04 12:00:00,114504.62,115756.06,114118.18,115192.01,1876.30042453
2025-08-04 18:00:00,115192,115363.04,114578.7,115051.85,1679.1666049
2025-08-05 00:00:00,115056.14,115112.75,114150.8,114407.71,589.9272837
2025-08-05 06:00:00,114407.71,115079.06,113706.49,114807.47,596.04903014
2025-08-05 12:00:00,114807.46,114890,112622.14,113602.16,2939.08340152
2025-08-05 18:00:00,113602.15,114223.26,113227.18,114112.95,818.32959072
2025-08-06 00:00:00,114112.95,114416.95,113347.87,114147.94,537.43727515
2025-08-06 06:00:00,114147.95,114400,113713.32,114226.23,414.8294667
2025-08-06 12:00:00,114220.79,115581.51,113566.01,115538.51,2102.14833325
2025-08-06 18:00:00,115538.51,115749.99,114815.28,115028.83,1426.97967187
2025-08-07 00:00:00,115028.83,115218.91,114268.6,114593.52,631.77995059
2025-08-07 06:00:00,114593.52,116850,114465.67,116535.61,967.17075517
2025-08-07 12:00:00,116533.35,116848.27,115673.04,116541.03,1926.80667645
2025-08-07 18:00:00,116531.63,117687,116180.03,117515.49,2278.48222582
2025-08-08 00:00:00,117515.69,117687,116518.64,116558.16,692.58062414
2025-08-08 06:00:00,116558.17,116999.43,116331.34,116930.25,551.18848529
2025-08-08 12:00:00,116926.53,117330.8,115800,116727.56,1473.04798993
2025-08-08 18:00:00,116727.56,117000,116332.84,116683.79,2153.48714324
2025-08-09 00:00:00,116683.79,116990,116343.34,116754.93,1015.51514199
2025-08-09 06:00:00,116754.93,117937.89,116551.18,117134.05,561.55372028
2025-08-09 12:00:00,117129.7,117247.64,116632.94,116697.91,445.08298169
2025-08-09 18:00:00,116697.9,117062.29,116406.01,116492.51,564.01944896
2025-08-10 00:00:00,116492.5,118773.35,116480,118065.13,960.61577931
2025-08-10 06:00:00,118066.89,118517.65,117477.71,118335.59,355.35245938
2025-08-10 12:00:00,118335.76,119117.68,118236.36,118529.48,703.67691043
2025-08-10 18:00:00,118524.63,119324.08,118081.6,119309.37,830.96889114
2025-08-11 00:00:00,119309.37,122319.14,119000.91,122036.11,2787.24025076
2025-08-11 06:00:00,122036.1,122314,120248.43,120525,943.03007299
2025-08-11 12:00:00,120525,120796.74,119333.35,119493.62,1846.69025085
2025-08-11 18:00:00,119496.6,119888.03,118050,118701.84,1643.84762485
2025-08-12 00:00:00,118701.83,119300,118419,118828.04,601.92908922
2025-08-12 06:00:00,118828.04,119168.54,118190.81,118502.05,594.1875229
2025-08-12 12:00:00,118502.08,120199.99,118256.18,119291.95,1991.0261218
2025-08-12 18:00:00,119291.94,120327,119258.72,120113.18,1428.31561687
2025-08-13 00:00:00,120109.04,120176.93,118931.34,119064.31,781.16820598
2025-08-13 06:00:00,119064.3,120744.18,118948.21,120554.93,1274.78348782
2025-08-13 12:00:00,120559.28,122242.36,120103,121833.85,3176.20693294
2025-08-13 18:00:00,121833.85,123740.24,121453.51,123365.63,3280.72746876
2025-08-14 00:00:00,123365.63,124533,122113.98,122180.62,1690.43350154
2025-08-14 06:00:00,122180.62,122200,120725.01,121017.92,1478.89187881
2025-08-14 12:00:00,121017.92,121216.64,117425.25,117968.85,4799.872084
2025-08-14 18:00:00,117968.85,118629.81,117208.97,118389.79,2184.85193227
2025-08-15 00:00:00,118389.79,119329.47,118092.7,119078.03,1204.64895615
2025-08-15 06:00:00,119078.03,119339.57,118682.86,119078.9,352.44829621
2025-08-15 12:00:00,119082.83,119225.3,116859.32,117643.08,2051.60454915
2025-08-15 18:00:00,117643.1,117860.44,116903.2,117436.96,1382.09755649
2025-08-16 00:00:00,117436.95,118028.68,117322.82,117700,700.58950121
2025-08-16 06:00:00,117700,117809.65,117222.01,117469.11,330.3595502
2025-08-16 12:00:00,117469.12,117909,117416.82,117779.89,411.59496504
2025-08-16 18:00:00,117779.9,117852.1,117300,117455.68,339.15036881
2025-08-17 00:00:00,117455.69,118313.42,117249.49,118088.14,483.38681583
2025-08-17 06:00:00,118088.14,118565.19,117927.37,118376.1,467.99125341
2025-08-17 12:00:00,118376.1,118641.6,117711,117966.91,611.83810357
2025-08-17 18:00:00,117966.91,118082.45,117383.2,117488.6,458.40134671
2025-08-18 00:00:00,117488.59,117633.8,115063.46,115772.8,1870.5235865
2025-08-18 06:00:00,115772.79,115807.46,114703.26,115015.51,1354.79941763
2025-08-18 12:00:00,115010.78,116888,114863.47,116484.25,1969.84971751
2025-08-18 18:00:00,116484.25,117046.65,116030.36,116286.76,1567.68094555
2025-08-19 00:00:00,116286.75,116792.87,114420,115005.65,1295.54258434
2025-08-19 06:00:00,115005.65,115706.16,114658.19,115550.06,771.62429132
2025-08-19 12:00:00,115550.05,115922.62,113100,113506.6,3645.08834867
2025-08-19 18:00:00,113506.6,113573.8,112696.56,112856.19,2206.3293038
2025-08-20 00:00:00,112853.66,113776.95,112555,113714.48,1037.76889151
2025-08-20 06:00:00,113718.62,114042.83,113023.77,113667.96,997.53320069
2025-08-20 12:00:00,113661.58,114458.52,112344.11,114215.27,2357.98656859
2025-08-20 18:00:00,114215.28,114627.37,113250.52,114276,1370.98738994
2025-08-21 00:00:00,114276,114812,113617.04,113977.78,949.30019512
2025-08-21 06:00:00,113977.77,113977.78,112975.93,113121.25,993.78542704
2025-08-21 12:00:00,113121.24,113980,112150,112389.65,2725.15644408
2025-08-21 18:00:00,112389.65,112833.18,111964,112480.3,1365.50228741
2025-08-22 00:00:00,112480.29,113498.32,112290.84,113190.94,1108.88261519
2025-08-22 06:00:00,113190.93,113353.64,112141.38,112285.28,866.43968364
2025-08-22 12:00:00,112292.41,117312.7,111649.75,117005.79,5016.65471269
2025-08-22 18:00:00,117005.78,117416.73,116492.32,116908.68,1555.74387939
2025-08-23 00:00:00,116911.9,116999.03,115400.02,115891.23,693.65609741
2025-08-23 06:00:00,115891.24,115960.07,115129.35,115249.95,397.94082419
2025-08-23 12:00:00,115261.55,115441.6,114505,115054.9,836.88763325
2025-08-23 18:00:00,115054.91,115396.27,114962.64,115383.87,316.93469783
2025-08-24 00:00:00,115383.87,115616.53,114862.43,114944.39,418.36720025
2025-08-24 06:00:00,114955.68,115067.65,114548.45,114697.43,308.224491
2025-08-24 12:00:00,114697.06,114839.65,114200,114372.01,843.38905725
2025-08-24 18:00:00,114368.26,114865.26,110635,113478,3032.78247636
2025-08-25 00:00:00,113478,113645.32,112135.98,112292.52,1113.20945529
2025-08-25 06:00:00,112289.77,112432.85,110894.14,111189.32,1547.97717331
2025-08-25 12:00:00,111189.27,112932.52,110555.26,112434.9,2624.73513248
2025-08-25 18:00:00,112434.89,112621.36,109275.74,110127.74,3223.28482568
2025-08-26 00:00:00,110127.74,110391.56,108670,110212.23,2017.10140049
2025-08-26 06:00:00,110212.21,110560.24,109550,109876,919.40704858
2025-08-26 12:00:00,109876,110810.22,109337.48,109993.39,2527.21468455
2025-08-26 18:00:00,109993.39,112399.99,109965.39,111788.01,2271.84211481
2025-08-27 00:00:00,111788.04,111832.1,110922.63,111365.77,741.65028816
2025-08-27 06:00:00,111365.76,111406.82,110351.11,111323.01,640.5128112
2025-08-27 12:00:00,111323,112683.39,111009.81,112349.7,1936.84602128
2025-08-27 18:00:00,112347.8,112639.41,110930.48,111253.21,1832.41215861
2025-08-28 00:00:00,111253.22,113167.36,110858.78,112853.05,789.20461426
2025-08-28 06:00:00,112853.05,113364.92,112712.55,112924.36,806.74104723
2025-08-28 12:00:00,112924.36,113480,112223.57,112395.67,1996.29093857
2025-08-28 18:00:00,112395.68,112718.76,111862.39,112574.85,1045.05522203
2025-08-29 00:00:00,112574.84,112642.53,111135.1,111317.08,989.14715139
2025-08-29 06:00:00,111317.08,111415.98,109400,110115.36,1190.97075708
2025-08-29 12:00:00,110115.36,111505,108089.45,108467.12,3384.85876287
2025-08-29 18:00:00,108464.44,108750,107469.13,108378.32,2241.11716196
2025-08-30 00:00:00,108378.32,108667.39,107369.69,108347.37,1056.47330386
2025-08-30 06:00:00,108347.37,108761.64,108101.52,108681.98,546.16360598
2025-08-30 12:00:00,108681.98,108928.79,108202.21,108788.06,733.021902
2025-08-30 18:00:00,108788.05,108920,108458.72,108827.93,493.01580425
2025-08-31 00:00:00,108827.92,109489.79,108559.17,108760.77,739.68820939
2025-08-31 06:00:00,108760.78,109111.78,108311.7,108380.17,441.58104974
2025-08-31 12:00:00,108380.16,109000,108181.54,108990.11,743.21511118
2025-08-31 18:00:00,108990.11,109239.17,108060.79,108247.95,778.02520605
2025-09-01 00:00:00,108247.95,108482.14,107250,107856.54,1541.13398085
2025-09-01 06:00:00,107856.54,109907.51,107588.43,108772.9,1154.75831028
2025-09-01 12:00:00,108772.89,109533.12,108398.31,108929.59,1123.71009194
2025-09-01 18:00:00,108929.58,109446.26,107448.28,109240.55,1577.3612767
2025-09-02 00:00:00,109240.55,110621.33,108881.76,110206.7,1327.89906642
2025-09-02 06:00:00,110206.7,110711.07,109577.88,109746.15,805.57114235
2025-09-02 12:00:00,109746.14,111801.86,108400,110917.77,3590.47773901
2025-09-02 18:00:00,110917.74,111559.3,110188.15,111247.94,1674.45800981
2025-09-03 00:00:00,111247.94,111781,110660.63,110698.93,775.02756433
2025-09-03 06:00:00,110698.93,111730.11,110533.77,111463.71,585.95548086
2025-09-03 12:00:00,111463.72,112600,111048.8,112332.65,2374.25892937
2025-09-03 18:00:00,112334.03,112567.88,111657.87,111756.41,1470.20833799
2025-09-04 00:00:00,111756.4,112235.6,110607.34,110694.58,948.46596158
2025-09-04 06:00:00,110694.57,111178.6,110308.92,110844.24,757.77833328
2025-09-04 12:00:00,110844.25,111158.5,109321,109789.33,2090.27427516
2025-09-04 18:00:00,109787.76,111756.36,109703,110720.79,1457.19551226
2025-09-05 00:00:00,110714.48,111727.02,110441.63,111581.59,588.21575643
2025-09-05 06:00:00,111580.32,113000,111506.8,112350.13,1218.9883305
2025-09-05 12:00:00,112350.13,113390,110202.36,110612.61,3346.69840738
2025-09-05 18:00:00,110605.88,111710.42,110368.26,110670.02,2064.6887505
2025-09-06 00:00:00,110670.02,111317.65,110557.34,110723.12,390.22192371
2025-09-06 06:00:00,110723.15,110980.02,110672.38,110796.75,197.03320387
2025-09-06 12:00:00,110798.2,111014.97,109993,110176.79,606.91846251
2025-09-06 18:00:00,110176.79,110314.34,110014.75,110212.6,427.47658729
2025-09-07 00:00:00,110214.21,110758.69,110200.01,110667.08,326.97162047
2025-09-07 06:00:00,110667.08,111389.94,110476.93,111303.16,358.33527662
2025-09-07 12:00:00,111303.15,111403.23,110866.13,110971.2,414.42212185
2025-09-07 18:00:00,110971.2,111600,110862.83,111129.61,546.38862352
2025-09-08 00:00:00,111120.38,111353.43,110600,111028.76,733.92909493
2025-09-08 06:00:00,111028.77,112195.49,110896.5,112038.45,1000.35843778
2025-09-08 12:00:00,112038.45,112940.84,111866.48,112224.69,2141.81222179
2025-09-08 18:00:00,112224.69,112534,111899.99,112072.57,1282.33319381
2025-09-09 00:00:00,112072.57,112253.88,111115.35,112201.45,1018.16619769
2025-09-09 06:00:00,112201.44,113292.96,112152.42,112439.83,1131.64449954
2025-09-09 12:00:00,112439.27,112975,110765.72,111031.89,2204.03764114
2025-09-09 18:00:00,111031.89,111749.05,110906.25,111549.32,804.60899404
2025-09-10 00:00:00,111546.61,111726.31,110919.55,111578.55,759.08159922
2025-09-10 06:00:00,111576.56,112847.87,111391.65,112306.06,1064.07185037
2025-09-10 12:00:00,112306.06,114362.1,112300,113761.2,3978.90294938
2025-09-10 18:00:00,113761.18,114074.64,113179.9,113983.97,1447.93706824
2025-09-11 00:00:00,113983.98,114518.45,113703.06,114293.03,763.60958224
2025-09-11 06:00:00,114293,114497.13,113792.77,114048.47,644.50924611
2025-09-11 12:00:00,114048.47,114754.95,113433.92,114624.31,3031.7583612
2025-09-11 18:00:00,114624.3,115554.53,114120.35,115540,1135.48355115
2025-09-12 00:00:00,115540.01,116365.54,115086.52,115661.98,1317.52093929
2025-09-12 06:00:00,115661.97,115661.97,114903.99,114962.27,560.86005016
2025-09-12 12:00:00,114962.25,116016.79,114774.19,115883.97,1859.51922904
2025-09-12 18:00:00,115882.09,116833.25,115836,116106.03,2755.67610902
2025-09-13 00:00:00,116106.03,116378.04,115664.67,115788.7,581.19973674
2025-09-13 06:00:00,115788.7,116250,115723.27,116036.02,360.764802
2025-09-13 12:00:00,116036.01,116133,115177.53,115623.65,752.07710457
2025-09-13 18:00:00,115623.64,116058.25,115482.05,115968.35,479.45487454
2025-09-14 00:00:00,115968.33,116175,115511,115925.82,343.38876449
2025-09-14 06:00:00,115925.82,116226.61,115754.48,115862.27,260.71377412
2025-09-14 12:00:00,115862.27,115939.33,115219.14,115607.66,665.7375138
2025-09-14 18:00:00,115607.65,116146.99,115166,115314.13,698.04678553
2025-09-15 00:00:00,115314.12,116607.23,114865.08,116543.25,1234.90765776
2025-09-15 06:00:00,116539.53,116802,114642,115091.92,1193.36213165
2025-09-15 12:00:00,115091.92,115157.77,114395.84,115153.89,2086.86156061
2025-09-15 18:00:00,115150,115644.2,114904.6,115381.08,1627.54724525
2025-09-16 00:00:00,115381.07,115983,114951.5,115959.87,764.32122327
2025-09-16 06:00:00,115959.88,116037.57,115227.23,115298.02,699.06835095
2025-09-16 12:00:00,115298.01,116940,114750,116500,2461.68895897
2025-09-16 18:00:00,116500.01,117000,116258.01,116832.56,2087.50460098
2025-09-17 00:00:00,116832.56,117250,116200.62,117164.07,1286.33506024
2025-09-17 06:00:00,117164.05,117327.24,116263.9,116278.64,828.8916885
2025-09-17 12:00:00,116278.63,116537.55,115412.45,115576.21,1494.52974575
2025-09-17 18:00:00,115586.84,117024,114724.57,116484.4,3541.54384365
2025-09-18 00:00:00,116484.4,117950.68,116125.08,117304.39,1957.23919677
2025-09-18 06:00:00,117310.16,117447.46,116912.51,117093.99,875.92963841
2025-09-18 12:00:00,117094,117903.23,117010,117641.66,2530.57598508
2025-09-18 18:00:00,117641.65,117998.17,116674.12,117117.99,1776.67459998
2025-09-19 00:00:00,117117.99,117516.36,116748.01,116940.59,916.72688323
2025-09-19 06:00:00,116940.59,117153.18,116331.15,116433.58,1326.77074982
2025-09-19 12:00:00,116433.58,116580.95,115491.43,115581.99,1896.60241768
2025-09-19 18:00:00,115582,115713.3,115132.71,115690.55,1734.01547002
2025-09-20 00:00:00,115690.55,115798.02,115463.22,115775.62,410.81002553
2025-09-20 06:00:00,115775.61,116062.41,115681.95,115938.77,640.01987984
2025-09-20 12:00:00,115938.77,116194.63,115860.64,115896.02,871.03911859
2025-09-20 18:00:00,115896.02,116016.9,115675.03,115752.4,908.98123024
2025-09-21 00:00:00,115752.9,115812.4,115500,115746.82,467.54292039
2025-09-21 06:00:00,115746.82,115900.02,115386.87,115682.43,460.92493032
2025-09-21 12:00:00,115682.44,115825.92,115250,115688.11,469.69491005
2025-09-21 18:00:00,115687.74,115730.46,115237.16,115282.27,672.85616709
2025-09-22 00:00:00,115282.26,115441.37,113668.88,113747.38,1646.16293444
2025-09-22 06:00:00,113741.21,113769.37,111761.22,112956.04,2851.44984869
2025-09-22 12:00:00,112956.04,113568.27,112317.18,112450.6,2645.37169687
2025-09-22 18:00:00,112450.59,113054.92,112004.34,112736.59,1351.40649785
2025-09-23 00:00:00,112736.59,112964.83,111554.38,112728.64,955.38408294
2025-09-23 06:00:00,112728.63,113349.59,112677.75,113052.04,730.98710815
2025-09-23 12:00:00,113052.03,113357,111893.77,111979.46,1671.34742854
2025-09-23 18:00:00,111981.19,112258.34,111502.08,112017.21,1154.32756809
2025-09-24 00:00:00,112017.21,112693.14,111066.07,112671.9,1219.74543089
2025-09-24 06:00:00,112671.89,113194.08,112430.01,113047.99,613.8893309
2025-09-24 12:00:00,113047.98,113999.98,112832.74,113801.89,1954.05056222
2025-09-24 18:00:00,113801.88,113875.67,113232.19,113348.17,1145.1977111
2025-09-25 00:00:00,113348.16,113561.35,111572.88,111728.34,1554.04660171
2025-09-25 06:00:00,111740.49,112269.59,111302.88,111379.31,864.26122643
2025-09-25 12:00:00,111379.3,111775.13,108662.99,108851.99,4331.40630534
2025-09-25 18:00:00,108861.98,110000,108623.7,109035.72,2447.55226054
2025-09-26 00:00:00,109036,109851.24,108855.91,109300.01,1066.42912288
2025-09-26 06:00:00,109301.99,109777.09,108645.02,109181.28,1092.37480438
2025-09-26 12:00:00,109179.73,110066,108817.02,109962,3161.31604631
2025-09-26 18:00:00,109962,110369.99,109078.27,109697.29,1506.04971617
2025-09-27 00:00:00,109697.29,109815.08,109376.28,109685.99,600.50040702
2025-09-27 06:00:00,109685.98,109687,109116,109367.28,404.04880961
2025-09-27 12:00:00,109367.28,109539.99,109239.81,109427.82,558.15457339
2025-09-27 18:00:00,109427.81,109756.84,109387.42,109681.16,387.783244
2025-09-28 00:00:00,109681.15,109840.85,109371.03,109390.03,424.68256369
2025-09-28 06:00:00,109390.03,109625,109292.15,109418.27,297.57290233
2025-09-28 12:00:00,109419.99,110423.55,109230.98,110227.69,676.50001247
2025-09-28 18:00:00,110227.69,112385.84,110082.9,112197.67,998.34166578
2025-09-29 00:00:00,112197.66,112348.19,111600.36,111796.29,973.2173191
2025-09-29 06:00:00,111796.28,112458.48,111582.65,112144.59,772.98013497
2025-09-29 12:00:00,112144.59,114323.68,111940.72,114121.47,2526.02221509
2025-09-29 18:00:00,114121.47,114490,113916,114365.07,1281.19813042
2025-09-30 00:00:00,114361.66,114850,113884.29,113952,831.48686686
2025-09-30 06:00:00,113954.01,114139.62,112695.85,113090.86,1033.85755259
2025-09-30 12:00:00,113090.85,113739.97,112803.57,113260.87,1393.84396242
2025-09-30 18:00:00,113260.87,114782.82,113185.02,114067.71,1784.90319999
2025-10-01 00:00:00,114067.71,114763.53,113975.5,114596.91,1814.6110933
2025-10-01 06:00:00,114594.02,116835.91,114248.63,116825.23,2311.0375484
2025-10-01 12:00:00,116822.51,118280,116396.34,116824,3703.00956071
2025-10-01 18:00:00,116826,118718.8,116826,118659.97,1858.46468569
2025-10-02 00:00:00,118662.72,119498.09,118336.01,118435.93,1543.6588902
2025-10-02 06:00:00,118435.93,118999,118354.92,118835.99,672.23054741
2025-10-02 12:00:00,118836,120400,118581,119998.19,3392.51043063
2025-10-02 18:00:00,119998.18,121111,119984.45,120621.32,3208.50265445
2025-10-03 00:00:00,120621.33,120655.68,119850,120015.45,1588.78661163
2025-10-03 06:00:00,120015.45,120623.75,119327.83,120421.46,1797.15612373
2025-10-03 12:00:00,120421.46,123996.81,119971.71,122152.04,5836.2392073
2025-10-03 18:00:00,122155.77,123073.9,121530,122318.4,2612.90539351
2025-10-04 00:00:00,122318.39,122896,121756.93,122611.24,857.01140504
2025-10-04 06:00:00,122611.24,122699.98,122026.85,122042.17,437.89590973
2025-10-04 12:00:00,122042.18,122577.9,121640.91,121826.12,849.14084244
2025-10-04 18:00:00,121826.12,122475,121572.64,122458.56,561.24002806
2025-10-05 00:00:00,122458.55,125750,122195.28,125136.87,2617.67224494
2025-10-05 06:00:00,125136.86,125236.79,122504.03,123474.75,1477.45742843
2025-10-05 12:00:00,123474.75,123508.01,122340.03,123098.91,865.61276147
2025-10-05 18:00:00,123098.91,123608.33,122502.12,123520.79,860.02769673
2025-10-06 00:00:00,123520.8,124432.61,123115.77,123600.53,1231.49199559
2025-10-06 06:00:00,123600.52,124581.09,123325.01,124264.7,852.85489364
2025-10-06 12:00:00,124264.7,125930,124230,125355.76,3584.29904594
2025-10-06 18:00:00,125355.75,126296,124576.15,124720.09,3466.66271003
2025-10-07 00:00:00,124723.57,125150,124155.76,124465.14,1353.08097666
2025-10-07 06:00:00,124465.13,124617.87,123395,124555.52,1230.63888174
2025-10-07 12:00:00,124552.12,125226.34,120889.64,121186.91,4093.92048981
2025-10-07 18:00:00,121186.1,122363.06,120636,121393.95,2022.20030562
2025-10-08 00:00:00,121393.96,122297.99,121119.66,121397.62,1697.85522319
2025-10-08 06:00:00,121397.62,123256.49,121090.06,122910.51,986.73500021
2025-10-08 12:00:00,122910.5,124218,121681.92,124089.59,2336.51602457
2025-10-08 18:00:00,124089.6,124254.31,122842.3,123343.25,1706.84223656
2025-10-09 00:00:00,123343.24,123388.56,121500,122141.07,998.25138736
2025-10-09 06:00:00,122141.06,122907.69,121175.76,122783.3,917.18854747
2025-10-09 12:00:00,122783.29,123822.08,119713.65,121026.01,3667.77711185
2025-10-09 18:00:00,121026.22,121833.98,120439.7,121714.51,1396.93505617
2025-10-10 00:00:00,121714.51,121948.77,120963.86,121627.88,907.64040302
2025-10-10 06:00:00,121627.87,121830.29,120884.52,121600,1111.79878752
2025-10-10 12:00:00,121600.01,122600,117560.94,117655.63,5606.66823672
2025-10-10 18:00:00,117655.63,117870.61,107000,112980.28,14806.23632785
2025-10-11 00:00:00,112976.01,113439.99,111165.07,112513.67,3721.00257751
2025-10-11 06:00:00,112513.67,112890.03,110215,112390.37,2363.82030886
2025-10-11 12:00:00,112390.34,112636.7,111525.14,112118.05,1639.32379831
2025-10-11 18:00:00,112118.05,112153.91,109683.96,110768.89,2317.7352954
2025-10-12 00:00:00,110768.9,112048.28,109687.46,111793.36,1969.14375552
2025-10-12 06:00:00,111793.37,112218.04,111195.5,111887.54,1115.47231073
2025-10-12 12:00:00,111886.03,114780.57,111210,113893.75,3786.60659194
2025-10-12 18:00:00,113893.75,115847,113627.52,115067.98,2827.81298676
2025-10-13 00:00:00,115067.96,116077.51,114500,114698.44,1654.92587393
2025-10-13 06:00:00,114692.85,115632.45,113700.27,114278.99,1200.67933392
2025-10-13 12:00:00,114278.98,115646,113898.97,115112.35,3276.00491432
2025-10-13 18:00:00,115112.34,115995.74,114801.46,115274.03,2016.15092301
2025-10-14 00:00:00,115274.03,115514.91,112464.27,112566.84,2722.4915113
2025-10-14 06:00:00,112570,112787.37,110127,111394.48,2680.00807401
2025-10-14 12:00:00,111395.66,113272,109945.86,112844.01,4159.79426124
2025-10-14 18:00:00,112844.02,113639.19,112065.45,113068,2393.06052927
2025-10-15 00:00:00,113072.18,113671.99,111793.73,112486.5,1593.76843058
2025-10-15 06:00:00,112486.3,113564,111747.77,112000.01,1188.50766516
2025-10-15 12:00:00,112000,112322.49,110185.87,111238.18,2985.6066728
2025-10-15 18:00:00,111233.16,111615.99,110530.36,110804.12,1672.15505625
2025-10-16 00:00:00,110804.11,111905.84,110400.02,110998.92,1397.04411963
2025-10-16 06:00:00,110998.91,111810.02,108500,111443.19,4056.73114387
2025-10-16 12:00:00,111446.59,112021.07,107600.37,108315.73,5892.8784728
2025-10-16 18:00:00,108319.4,108813.34,107464.53,108198,3446.13380899
2025-10-17 00:00:00,108197.99,109269.97,107915.07,108397.8,1414.67736026
2025-10-17 06:00:00,108401.99,108533.52,103516.75,105681.29,5116.1290341
2025-10-17 12:00:00,105681.89,107576.94,104553.98,106460.82,5247.81754659
2025-10-17 18:00:00,106462.03,107480,106253.58,106463.3,2045.72069379
2025-10-18 00:00:00,106462.09,107363.84,106357.69,106854.58,1225.33238886
2025-10-18 06:00:00,106854.58,107535.68,106659.24,107251.98,799.85384117
2025-10-18 12:00:00,107251.99,107350.26,106511.53,106904.63,885.608505
2025-10-18 18:00:00,106908,107394.62,106748.65,107208.91,641.81485964
2025-10-19 00:00:00,107208.91,107398.69,106747.45,106914.43,740.1376329
2025-10-19 06:00:00,106914.43,108278.93,106091.25,107817.99,1410.41354183
2025-10-19 12:00:00,107818.31,109481.96,107394.17,109150.01,1518.0562195
2025-10-19 18:00:00,109154.01,109499,108500.98,108676.78,1173.03073552
2025-10-20 00:00:00,108676.77,111143,107449.91,111049.28,1906.981405
2025-10-20 06:00:00,111049.28,111685.23,110641.63,111049.41,968.54544103
2025-10-20 12:00:00,111049.41,111748.6,109875.47,110321.99,2052.89316417
2025-10-20 18:00:00,110321.03,111303.44,110245.11,110568.06,1358.01527992
2025-10-21 00:00:00,110568.05,110570,107444.6,107579.51,2292.4126278
2025-10-21 06:00:00,107577.52,108854.96,107500.02,108604.02,1444.36704112
2025-10-21 12:00:00,108604.02,114082.29,107915.9,112059.28,6222.7451132
2025-10-21 18:00:00,112059.26,112358,108100,108362.27,2930.92711041
2025-10-22 00:00:00,108357.99,108730.92,107891,108221.99,1496.7945412
2025-10-22 06:00:00,108221.99,108429.64,106800,107592.92,1489.35445446
2025-10-22 12:00:00,107592.92,109188.27,107491,107789.73,3811.2576597
2025-10-22 18:00:00,107789.73,108418.02,106639,107585.98,2513.93321031
2025-10-23 00:00:00,107588.02,109018.59,107511.46,108986.14,1026.1609567
2025-10-23 06:00:00,108981.93,110340.17,108886,109284.22,1172.21688149
2025-10-23 12:00:00,109284.21,111342.6,108703.61,111276.07,2662.85132412
2025-10-23 18:00:00,111285.25,111339.22,109394.61,110116.03,2020.12935082
2025-10-24 00:00:00,110116.02,111517.77,110024.06,111287.66,1239.69628172
2025-10-24 06:00:00,111287.67,111578.25,110629.93,111100.64,1044.56639222
2025-10-24 12:00:00,111100.97,112158.39,109725.51,110233.73,2555.90174845
2025-10-24 18:00:00,110231.46,111174,110165.84,111042.13,1074.93034844
2025-10-25 00:00:00,111042.13,111479,110693.01,111406.78,564.19526184
2025-10-25 06:00:00,111406.9,111864,111279,111599.11,517.49199282
2025-10-25 12:00:00,111599.11,111968.52,111405.3,111466.2,188.46831356
2025-10-25 18:00:00,111460.39,111709.55,111364.5,111666.21,208.79242174
2025-10-26 00:00:00,111666.22,112000,111260.33,111619.39,503.75740638
2025-10-26 06:00:00,111619.39,113500,111547.75,113303.16,797.35225585
2025-10-26 12:00:00,113303.15,114054.85,113276,113451.66,1213.52316077
2025-10-26 18:00:00,113451.44,115542,112860,114548.09,1293.53911297
2025-10-27 00:00:00,114561.69,115680.48,114362.43,115562.01,1287.99128446
2025-10-27 06:00:00,115562,116410.06,114800,115351.41,1125.77764623
2025-10-27 12:00:00,115348.01,115732.32,114477,115714.01,1418.3735263
2025-10-27 18:00:00,115714,115808.76,113833.12,114087.06,1659.38336239
2025-10-28 00:00:00,114087.06,114553.83,113483.34,113600.76,852.62325119
2025-10-28 06:00:00,113600.76,114666.66,113600.76,114340,597.32245292
2025-10-28 12:00:00,114340,116114.13,114128.3,115306.13,1971.94052083
2025-10-28 18:00:00,115306.13,115368.98,112203,112906.75,1920.97512091
2025-10-29 00:00:00,112906.75,113376.16,112075,113054.31,918.37408549
2025-10-29 06:00:00,113054.31,113642.03,112749.08,113146.58,669.24221162
2025-10-29 12:00:00,113146.58,113690.17,110934.56,111883.48,1969.76715018
2025-10-29 18:00:00,111883.47,112020,109000,110032.13,2553.09742964
2025-10-30 00:00:00,110031.65,111000,107924.01,110270.05,1816.155735
2025-10-30 06:00:00,110264.76,111629.2,109667.47,109707.35,1094.43168827
2025-10-30 12:00:00,109707.35,109773.33,106800,107473.6,3323.39310603
2025-10-30 18:00:00,107473.6,108342.09,106279.33,108308.18,2247.36690713
2025-10-31 00:00:00,108308.02,110229.86,108266.11,109864.38,1527.35260485
2025-10-31 06:00:00,109866,110499.89,109045.43,110365.92,1508.70745093
2025-10-31 12:00:00,110371.99,111066.1,108514.07,109233.98,2726.64266515
2025-10-31 18:00:00,109233.99,110189.41,108895.47,109555.27,1095.7725012
2025-11-01 00:00:00,109555.63,110500,109342.47,110073.63,486.35661186
2025-11-01 06:00:00,110073.63,110209.47,109771.54,110065.37,305.68783573
2025-11-01 12:00:00,110065.36,110493.52,109608.28,110159.29,586.10275263
2025-11-01 18:00:00,110159.29,110471.62,109805.02,110052.25,329.29993603
2025-11-02 00:00:00,110052.25,110732.65,109834.04,110453.98,659.19042401
2025-11-02 06:00:00,110453.95,111187.66,110249.59,111150.96,888.91866353
2025-11-02 12:00:00,111150.97,111221.99,108800,110188.65,1355.78925368
2025-11-02 18:00:00,110189.45,110729.4,109424.93,110536.01,873.67988397
2025-11-03 00:00:00,110533.83,110749,107385.82,107592.21,1798.2269327
2025-11-03 06:00:00,107588.61,107906.46,106726.69,107779.99,1445.65656242
2025-11-03 12:00:00,107780.45,108317.24,105271.67,107447.29,3394.18062632
2025-11-03 18:00:00,107447.29,107567.64,105793.99,106557.98,2019.24271628
2025-11-04 00:00:00,106557.98,107269.85,104150,104176.89,2095.85397847
2025-11-04 06:00:00,104175.37,105197.23,103535.15,104549.78,2348.92037988
2025-11-04 12:00:00,104548.01,104803.32,100590.42,101039,6183.67321476
2025-11-04 18:00:00,101039,101849.11,98892.97,101468.15,6424.37452486
2025-11-05 00:00:00,101468.16,102343.95,98950,101810.14,3297.95221956
2025-11-05 06:00:00,101810.14,102195.82,101157.77,102062,1248.1687127
2025-11-05 12:00:00,102067.2,104029.77,101910.44,103895.41,3683.12615468
2025-11-05 18:00:00,103895.4,104550,103255.5,103869,2615.59867345
2025-11-06 00:00:00,103866.67,104191.19,102700,103125.04,1362.60401956
2025-11-06 06:00:00,103132.1,103582.19,102618.07,103198.7,1227.88354392
2025-11-06 12:00:00,103198.71,103577.6,100235.02,101739.96,4241.32601752
2025-11-06 18:00:00,101739.96,102286.88,100482.01,101290.5,2656.75553028
2025-11-07 00:00:00,101290.5,102472.27,100685.51,102397.07,1563.73003588
2025-11-07 06:00:00,102397.06,102462.96,99740.99,100350.26,1561.97613243
2025-11-07 12:00:00,100350.25,102648.39,99170,102324.91,4165.01758314
2025-11-07 18:00:00,102324.91,104041.99,102218.81,103284.27,2690.98398894
2025-11-08 00:00:00,103281.79,103350,102218.05,102247.59,1312.11092431
2025-11-08 06:00:00,102247.6,102628.6,101680,101811.83,832.21334112
2025-11-08 12:00:00,101814.59,102155.98,101422.74,101969.08,1305.083841
2025-11-08 18:00:00,101977.64,102465.49,101485.2,102285.57,915.81195563
2025-11-09 00:00:00,102285.58,102315.15,101372.58,101911.98,1095.2528869
2025-11-09 06:00:00,101901.57,102308.73,101482.16,102232.01,1009.04807101
2025-11-09 12:00:00,102223.04,104200,102031.86,103621.52,1670.55772796
2025-11-09 18:00:00,103621.52,105471.04,103486.68,104694.95,1770.56266046
2025-11-10 00:00:00,104694.23,106653,104240.76,106079.64,2305.44140101
2025-11-10 06:00:00,106079.64,106599,105825,106159.58,920.40133634
2025-11-10 12:00:00,106159.57,106575.05,104627.49,105924.01,2994.69781571
2025-11-10 18:00:00,105924.01,106261.91,105222.66,105979.38,1516.52098321
2025-11-11 00:00:00,105979.38,107482,105125.53,105222.01,1863.54455016
2025-11-11 06:00:00,105222.02,105493.5,104709.92,105298.47,818.49465267
2025-11-11 12:00:00,105300.37,105504.83,102805.28,103305.91,2364.07710398
2025-11-11 18:00:00,103305.9,103538.66,102422.43,103009.35,1528.67749721
2025-11-12 00:00:00,103017.21,103450.18,102638.97,103373.06,985.4880226
2025-11-12 06:00:00,103373.06,105203.22,103050.01,105015.6,923.04704192
2025-11-12 12:00:00,105015.6,105316.64,101315.45,101729.23,2482.74400232
2025-11-12 18:00:00,101729.23,101992.99,100803.2,101639.01,1661.80693328
2025-11-13 00:00:00,101636.03,103368.45,100901,103116.03,1635.76521383
2025-11-13 06:00:00,103119.28,104050,102516.94,102906.53,1350.87996741
2025-11-13 12:00:00,102906.53,103466.69,99555,99594.96,3379.58990249
2025-11-13 18:00:00,99598.7,100447,97870,99614.54,6344.43235086
2025-11-14 00:00:00,99610.49,99836.1,96682,97479.32,3579.63428478
2025-11-14 06:00:00,97479.32,97695.54,95666,96124,2733.66804638
2025-11-14 12:00:00,96124,97345.33,94455.98,95784.51,7859.47673418
2025-11-14 18:00:00,95780,96273.62,93951.32,94503.96,5472.62137219
2025-11-15 00:00:00,94501.08,96747.02,94222.2,96287.24,1832.40144171
2025-11-15 06:00:00,96287.25,96525.36,95500,95626.39,901.31519713
2025-11-15 12:00:00,95627.99,96434.25,95503.74,96166.76,1380.39705791
2025-11-15 18:00:00,96185.2,96282,95058.73,95544.94,1042.90661879
2025-11-16 00:00:00,95544.94,96124.11,94770,95812.03,1057.4041294
2025-11-16 06:00:00,95812.03,96559.61,95439.81,95569.49,681.03664067
2025-11-16 12:00:00,95569.5,95839.19,93687.01,94299.99,2490.49843861
2025-11-16 18:00:00,94298.01,95504.58,92943.83,94183.97,2932.19829339
2025-11-17 00:00:00,94182.03,95516.36,93663.32,95057.99,2042.24743797
2025-11-17 06:00:00,95058,95945.47,94822.46,95490.45,1351.0738445
2025-11-17 12:00:00,95490.44,95950,92567.89,92672.19,4290.06242995
2025-11-17 18:00:00,92672.2,93126.31,91158.35,92100.6,5636.57262558
2025-11-18 00:00:00,92100.6,92247.94,89183.48,90106.89,5261.6610222
2025-11-18 06:00:00,90109.74,91509.73,89241.05,91413.99,2492.22557942
2025-11-18 12:00:00,91415.59,93775,90805.01,93202.93,5445.91223161
2025-11-18 18:00:00,93202.93,93700,92396.01,92914.46,2982.66839537
2025-11-19 00:00:00,92914.45,92948,89955.55,90384.87,3101.15731912
2025-11-19 06:00:00,90388.99,91955.47,90209.04,91342.79,2030.99415702
2025-11-19 12:00:00,91339.36,92358.27,88800,89422.1,5635.56802493
2025-11-19 18:00:00,89422.1,91516.29,88483.12,91461.6,4874.51370221
2025-11-20 00:00:00,91465.04,93080.91,91098.01,92535.28,2573.81038433
2025-11-20 06:00:00,92535.28,92775.36,91356.88,91834.69,1453.39784105
2025-11-20 12:00:00,91834.69,92462.85,86300,87136.57,8059.3813447
2025-11-20 18:00:00,87136.56,88152.18,85980.7,86536.88,6771.21177866
2025-11-21 00:00:00,86531.87,87395.93,85266.03,86084.86,4286.48257565
2025-11-21 06:00:00,86084.85,86151,81385.97,82204.53,8004.38442113
2025-11-21 12:00:00,82204,85490.57,80524.65,84806.13,12689.52414827
2025-11-21 18:00:00,84806.13,85357.75,83224,85068.88,6231.16931925
2025-11-22 00:00:00,85068.85,85547.11,83744.48,84215.96,2705.61117543
2025-11-22 06:00:00,84215.96,84732.02,83441.91,84033.62,1527.81849547
2025-11-22 12:00:00,84033.6,84850,83569.45,84493.56,1636.66396588
2025-11-22 18:00:00,84492.17,85208,84181.96,84684,1460.42821429
2025-11-23 00:00:00,84683.99,86814.82,84614.11,86305.23,3033.65981031
2025-11-23 06:00:00,86305.23,86473.29,85353.12,86293.12,1242.75288866
2025-11-23 12:00:00,86292.69,87455,86229.93,86711.17,2570.25555085
2025-11-23 18:00:00,86710.53,88100,86680.01,86808.28,2939.39540275
2025-11-24 00:00:00,86808.28,88019.06,85906.83,87421.06,2898.4489334
2025-11-24 06:00:00,87421.06,87473.79,85633.38,86210.03,2675.10054052
2025-11-24 12:00:00,86210.02,88444,85213.17,88340.75,4622.71517924
2025-11-24 18:00:00,88340.76,89225.6,88099.33,88266.2,4672.35004597
2025-11-25 00:00:00,88264,88486.82,87420.73,88093.22,1827.99669195
2025-11-25 06:00:00,88093.22,88133.37,86654.96,87334.41,1640.25603187
2025-11-25 12:00:00,87334.41,88108,86067.02,87568.62,3606.80175636
2025-11-25 18:00:00,87577.98,87855.98,86129,87325.01,3409.68227791
2025-11-26 00:00:00,87325,88188,86851.92,87484.3,2076.40620763
2025-11-26 06:00:00,87484.3,87938.83,86631.01,87077.36,1443.04207524
2025-11-26 12:00:00,87077.35,89954.99,86266.95,89816.01,3486.1096881
2025-11-26 18:00:00,89815.99,90628.53,89476.35,90468.84,4346.31274893
2025-11-27 00:00:00,90468.83,91880,90067.81,90949.31,3464.23835298
2025-11-27 06:00:00,90949.31,91925.4,90949.31,91364.45,1383.44379956
2025-11-27 12:00:00,91364.44,91628.79,90443.24,91462.07,2067.22480254
2025-11-27 18:00:00,91462.07,91826.56,91061.1,91316.7,1286.82351416
2025-11-28 00:00:00,91316.7,91699.81,90600.01,91598.74,1337.80320032
2025-11-28 06:00:00,91598.74,91999,90841,91420.04,1383.17905834
2025-11-28 12:00:00,91420,93161.86,90220.5,90673.19,4536.59986771
2025-11-28 18:00:00,90685.94,91272.46,90426.4,90902.7,2322.7884918
2025-11-29 00:00:00,90902.69,91134.8,90549.87,90757.7,657.12485037
2025-11-29 06:00:00,90757.7,90842.16,90323.68,90698.18,749.76461435
2025-11-29 12:00:00,90698.17,91199.99,90449.28,90456.03,808.3255067
2025-11-29 18:00:00,90454.01,91082.8,90200,90828.06,928.36946889
2025-11-30 00:00:00,90829.68,91090.18,90480.01,90802.88,417.82148146
2025-11-30 06:00:00,90801.99,91644.4,90730.01,91059.38,669.53929574
2025-11-30 12:00:00,91059.38,91980.8,91013.87,91497.65,1055.068709
2025-11-30 18:00:00,91497.65,91625.54,90353.96,90369.51,1371.05608664
2025-12-01 00:00:00,90364,90433.7,85595.76,85998.86,4953.64495245
2025-12-01 06:00:00,85998.85,86929.19,85973.06,86119.98,1722.54930994
2025-12-01 12:00:00,86121.98,86666.67,83800,84942.55,5964.74366202
2025-12-01 18:00:00,84946.39,86877.82,84590.82,86282.36,4023.42399336
2025-12-02 00:00:00,86282.35,87360,86181.38,87010,2244.56753622
2025-12-02 06:00:00,87009.99,87604.85,86350,87375.2,1547.38978685
2025-12-02 12:00:00,87375.21,92029.07,87042,91481.98,5874.66540309
2025-12-02 18:00:00,91481.98,92342,90740.49,91308.05,3496.23427132
2025-12-03 00:00:00,91308.05,93685.19,91024.47,93658.47,2429.94992765
2025-12-03 06:00:00,93658.48,93978.53,92687.54,93022.75,1427.33862413
2025-12-03 12:00:00,93022.74,93716.63,91702.36,92981.71,3296.40911369
2025-12-03 18:00:00,92981.71,94181.41,92375,93453.84,2588.28450134
2025-12-04 00:00:00,93452.02,94087.05,92686.58,92987.78,1553.01022488
2025-12-04 06:00:00,92987.79,93641.58,92746.87,92952.84,737.74475085
2025-12-04 12:00:00,92952.84,93291.02,91771,92453.43,2129.91252094
2025-12-04 18:00:00,92449.36,92748.52,90904.73,92093.54,1777.5395763
2025-12-05 00:00:00,92093.7,92716.42,91827,91962.46,980.89889116
2025-12-05 06:00:00,91963.99,92533.29,91000,91371.57,997.6435286
2025-12-05 12:00:00,91371.57,91488.2,88099.05,89360.12,4467.6960332
2025-12-05 18:00:00,89358.14,89850,88828.47,89345.29,1864.70338299
2025-12-06 00:00:00,89345.29,89829.99,89047.51,89617.76,746.69871767
2025-12-06 06:00:00,89617.75,89782,89174.7,89646.44,587.68326117
2025-12-06 12:00:00,89646.44,90296.32,89506,89734.07,883.12042708
2025-12-06 18:00:00,89745.32,89817.07,88932,89267.97,799.66619621
2025-12-07 00:00:00,89262.8,89811.68,89161.27,89521.94,469.95620701
2025-12-07 06:00:00,89521.93,89752.15,89028.03,89165.9,422.78415813
2025-12-07 12:00:00,89165.9,91292,87733.18,90961.84,1589.73713109
2025-12-07 18:00:00,90961.84,91779.99,88964.34,90402.29,1588.09947518
2025-12-08 00:00:00,90402.3,91730.38,89865,91333.64,1183.94632056
2025-12-08 06:00:00,91333.64,92291.96,91244.81,91980.87,959.58579281
2025-12-08 12:00:00,91980.86,92146.09,89599,90263.74,2661.65412247
2025-12-08 18:00:00,90263.73,91404.94,89725.21,90653.86,1856.80151447
2025-12-09 00:00:00,90653.86,90871.24,89537.55,89911.61,1561.76374103
2025-12-09 06:00:00,89913.57,90620.17,89778,90397.72,601.73798566
2025-12-09 12:00:00,90396.14,94640.66,90007.13,93935.61,4932.4274825
2025-12-09 18:00:00,93940.38,94250,92259.09,92690,2766.74162894
2025-12-10 00:00:00,92690,92809,91974,92562.31,1157.61558074
2025-12-10 06:00:00,92564.6,93246.8,91767.59,92125.65,1162.38255901
2025-12-10 12:00:00,92127.55,92613.78,91556.64,92396.87,1959.54933695
2025-12-10 18:00:00,92396.86,94500,91750,92035.99,4625.14571661
2025-12-11 00:00:00,92035.85,92100,89418.12,90329.76,2179.36487892
2025-12-11 06:00:00,90329.76,90534.61,89980,90252.8,911.76559593
2025-12-11 12:00:00,90252.8,90660.06,89257.98,89979.65,2379.0001124
2025-12-11 18:00:00,89972.41,93594.76,89890.71,92542,3649.86318708
2025-12-12 00:00:00,92539.63,92791.26,91439.58,92455.99,1088.02836751
2025-12-12 06:00:00,92454.72,92738.2,92087.75,92432,584.75086796
2025-12-12 12:00:00,92431.99,92690.02,89500,90111.66,3038.28366929
2025-12-12 18:00:00,90110.46,90693.66,89876.43,90278,1426.82735644
2025-12-13 00:00:00,90278,90479.88,90080.09,90358.48,341.74955688
2025-12-13 06:00:00,90358.49,90657,90277.63,90360.6,271.77508684
2025-12-13 12:00:00,90358.02,90504.1,89909.16,90075.14,602.67323606
2025-12-13 18:00:00,90074.02,90307.97,89777.79,90255.32,325.94754239
2025-12-14 00:00:00,90255.32,90496.16,90060.96,90216.01,326.60138169
2025-12-14 06:00:00,90216,90299.24,88700,89375.99,669.91935025
2025-12-14 12:00:00,89378.3,89682.94,88537.99,88826.45,1128.04131923
2025-12-14 18:00:00,88826.45,89084.99,87565.38,88171.61,1518.80328112
2025-12-15 00:00:00,88174.37,90064.74,88065.44,89624.21,1792.30764402
2025-12-15 06:00:00,89624.09,89990.24,89471.21,89656.06,604.93469058
2025-12-15 12:00:00,89656.06,89874,85561.77,85740.27,3925.5249893
2025-12-15 18:00:00,85737.92,86544.98,85129.63,86417.5,3545.53750199
2025-12-16 00:00:00,86417.5,86504.34,85250,86017.9,1314.81333693
2025-12-16 06:00:00,86020.03,87326.95,85844,87242.88,899.52511019
2025-12-16 12:00:00,87244,88148,86091.29,87113.99,3742.67484151
2025-12-16 18:00:00,87111.67,88005.62,87041.86,87854.01,1777.11937537
2025-12-17 00:00:00,87854,87939.67,86174.21,86602.73,1091.78597046
2025-12-17 06:00:00,86602.73,87119.39,86200.01,86961.86,875.40239184
2025-12-17 12:00:00,86956.02,90336.36,86111,86393.49,5437.08187684
2025-12-17 18:00:00,86393.48,86811.75,85267.69,86209.77,2617.16083147
2025-12-18 00:00:00,86209.79,86869.79,85823.16,86406.1,1537.44177644
2025-12-18 06:00:00,86406.1,87421,86369.98,87228.34,591.22537286
2025-12-18 12:00:00,87233.12,89447.75,85412.09,86425.66,4451.19047388
2025-12-18 18:00:00,86425.66,86835.32,84400,85460.02,3260.88645676
2025-12-19 00:00:00,85460.85,87516.51,85052.78,87087.15,1820.5994119
2025-12-19 06:00:00,87078.43,88335.02,86845.68,88146.46,1112.80613226
2025-12-19 12:00:00,88150.02,89365.85,86789.24,86886,3218.52385788
2025-12-19 18:00:00,86886.94,88375.35,86784.83,88092.65,1894.98851236
2025-12-20 00:00:00,88092.65,88530.6,87919.18,88258.01,543.37459404
2025-12-20 06:00:00,88258.01,88417.91,88063,88238.01,300.00741836
2025-12-20 12:00:00,88238,88312.91,87780,88152.56,512.96923141
2025-12-20 18:00:00,88177.6,88414.2,88112.09,88324,451.39393202
2025-12-21 00:00:00,88322.01,88409.99,87830.01,88108.85,452.82304644
2025-12-21 06:00:00,88108.85,89046.44,88026,88569.99,447.52131117
2025-12-21 12:00:00,88570,88897.66,87501.01,88296.73,796.86077253
2025-12-21 18:00:00,88297.99,88791.99,87908.48,88639.95,664.70575789
2025-12-22 00:00:00,88639.87,89600,87846.17,88803.96,1494.80728602
2025-12-22 06:00:00,88804,90070.74,88701.37,89900.32,1148.65393755
2025-12-22 12:00:00,89900.32,90541.8,89047.33,89268.18,3541.03378157
2025-12-22 18:00:00,89268.17,89492,87853.86,88556.77,2717.21007275
2025-12-23 00:00:00,88555.03,88896.63,87536.15,87701.89,1430.75813268
2025-12-23 06:00:00,87701.89,87838.3,86997.14,87806.84,1049.37403116
2025-12-23 12:00:00,87808.49,88235,86533.86,87128,2532.36671881
2025-12-23 18:00:00,87128,88321.65,87110.27,87429.32,2038.11263623
2025-12-24 00:00:00,87429.32,87775,86725.5,86895.49,1156.94026376
2025-12-24 06:00:00,86895.5,87300,86653.99,87144.36,772.66726017
2025-12-24 12:00:00,87144.36,87617.19,86350,87257.34,2103.16229375
2025-12-24 18:00:00,87248.53,88001.2,87166.61,87609.03,975.21359682
2025-12-25 00:00:00,87609.02,87908.71,87447.05,87689.83,609.17595471
2025-12-25 06:00:00,87689.84,87842.78,87193.64,87459.42,419.46007212
2025-12-25 12:00:00,87461.97,88534.4,87338.44,88070.86,794.82388485
2025-12-25 18:00:00,88070.86,88258.32,86899,87171.68,995.86704964
2025-12-26 00:00:00,87171.46,89354.87,86829,88918.87,1887.13958141
2025-12-26 06:00:00,88918.87,89496.07,88271.48,88471.93,1411.981474
2025-12-26 12:00:00,88470.02,89004.01,86569.53,87239.26,3911.19796312
2025-12-26 18:00:00,87239.26,87715,87052.8,87296.01,1463.32293211
2025-12-27 00:00:00,87296.17,87485.99,86944.24,87448.39,589.28493709
2025-12-27 06:00:00,87448.39,87644.16,87310.16,87422.73,251.12406048
2025-12-27 12:00:00,87422.73,87541.96,87262,87502.59,354.95791564
2025-12-27 18:00:00,87504.3,87914.62,87300,87808,759.64494475
2025-12-28 00:00:00,87806.75,87889.49,87538.25,87590.32,370.92466468
2025-12-28 06:00:00,87590.33,87943.02,87560.49,87821.17,256.49323944
2025-12-28 12:00:00,87821.17,88000,87598.05,87673.99,376.92106617
2025-12-28 18:00:00,87673.99,87977.38,87349.52,87877.29,855.28348887
2025-12-29 00:00:00,87877.28,90325,87712.2,89882.04,2867.04865397
2025-12-29 06:00:00,89882.04,90043.14,87443.65,87448.83,2194.15358033
2025-12-29 12:00:00,87448.82,88109.96,86675,87752.32,3232.18248575
2025-12-29 18:00:00,87752.32,87910.89,86935.8,87110.78,2122.28146289
2025-12-30 00:00:00,87110.77,87388.27,86704.98,87140.01,1331.25599419
2025-12-30 06:00:00,87140,88109.31,87112.2,87791.99,1136.18694285
2025-12-30 12:00:00,87791.98,89343.52,87716.6,88297.59,4434.92613196
2025-12-30 18:00:00,88297.58,88498.15,87780.82,88397.5,1822.64778273
2025-12-31 00:00:00,88397.24,88715.75,88068.44,88347.98,1044.51859328
2025-12-31 06:00:00,88347.98,88937.01,88285.55,88906.29,676.83049422
2025-12-31 12:00:00,88906.28,89100,87259.01,87487.96,3256.82022841
2025-12-31 18:00:00,87487.96,87866.97,87082.64,87497.94,2283.01192326
2026-01-01 00:00:00,87497.95,87950.53,87361.74,87534.01,1752.43870723
2026-01-01 06:00:00,87534.02,87889.19,87437.99,87883.74,596.56090972
2026-01-01 12:00:00,87883.75,88398,87694.66,88199.49,711.65966765
2026-01-01 18:00:00,88199.5,88798.99,87943.57,88738.34,937.71705108
2026-01-02 00:00:00,88742,89024.49,88272.08,88656.48,1373.81770017
2026-01-02 06:00:00,88656.48,89831.42,88620,89411.99,1776.28105894
2026-01-02 12:00:00,89411.98,90935.22,88375,90335.75,5669.7032058
2026-01-02 18:00:00,90334,90533.32,88761,89957.99,2622.67847466
2026-01-03 00:00:00,89958,90465,89884.98,90002,949.33071765
2026-01-03 06:00:00,90004.01,90105.1,89284.13,89700.01,679.29648377
2026-01-03 12:00:00,89700.01,90189.72,89607.59,90049.48,564.3570566
2026-01-03 18:00:00,90049.47,90697,89974,90598.02,758.67018877
2026-01-04 00:00:00,90598.01,91568.08,90598.01,91439.99,1090.40754348
2026-01-04 06:00:00,91440.01,91764.64,91127.4,91274,696.98238101
2026-01-04 12:00:00,91269.08,91419.12,91000,91302.36,519.83808363
2026-01-04 18:00:00,91302.36,91563.62,90827.3,91494,891.66643793
2026-01-05 00:00:00,91489.03,93343.89,91479.28,92312.46,2198.23553983
2026-01-05 06:00:00,92312.46,93127.36,92100.88,93094,1239.34190121
2026-01-05 12:00:00,93094.01,94487.3,92338,94316,5306.03559334
2026-01-05 18:00:00,94316,94825.27,93809.4,93870.06,3605.96251969
2026-01-06 00:00:00,93870.06,94175.38,93520.01,93582.1,1210.72979424
2026-01-06 06:00:00,93582.1,93939,93100.01,93830,1182.27553289
2026-01-06 12:00:00,93830.01,94439.63,91458.41,91527.98,4002.09893047
2026-01-06 18:00:00,91527.98,93793.92,91203.13,93722.01,3256.38122111
2026-01-07 00:00:00,93722.01,93722.01,92181.99,92478.38,1468.27057537
2026-01-07 06:00:00,92478.38,92917.2,91518.63,92013.08,1068.77416547
2026-01-07 12:00:00,92007.2,92209.68,90924.85,91151.3,4363.16224833
2026-01-07 18:00:00,91151.27,91391.3,90576.24,91279.73,2416.96297084
2026-01-08 00:00:00,91279.73,91580.01,90500.76,90713.97,1297.47786953
2026-01-08 06:00:00,90713.97,90760,89515.78,90097.8,1920.55316437
2026-01-08 12:00:00,90097.8,91377.59,89200,91304.01,4052.53885165
2026-01-08 18:00:00,91304.01,91425,90481.66,91026,3062.66560784
2026-01-09 00:00:00,91024.01,91551.78,90750.04,90978.01,1362.56897087
2026-01-09 06:00:00,90978,91044.8,89583.58,90348.09,1725.23464299
2026-01-09 12:00:00,90348.09,91944.52,89735.11,91332.55,4028.63057102
2026-01-09 18:00:00,91332.53,91437.15,90000,90515.45,2156.21020037
2026-01-10 00:00:00,90515.12,90650,90280,90469.76,508.74513108
2026-01-10 06:00:00,90469.77,90698,90340.01,90614.02,445.88727051
2026-01-10 12:00:00,90614.03,90672.03,90403.76,90426.68,351.07312841
2026-01-10 18:00:00,90435.72,90545.57,90251.43,90385.54,428.15174298
2026-01-11 00:00:00,90387.36,90734.42,90324.8,90656.01,421.5320654
2026-01-11 06:00:00,90656.01,90695.48,90472.74,90621.85,221.27065747
2026-01-11 12:00:00,90626.99,91173.12,90582,90849.52,716.98068492
2026-01-11 18:00:00,90849.51,90923.52,90109,90872.01,903.0690211
2026-01-12 00:00:00,90878.51,92406.3,90562.92,91986.54,2435.70113194
2026-01-12 06:00:00,91986.54,92076.2,90234,90495.27,1337.14202724
2026-01-12 12:00:00,90495.2,92257.47,90003.46,91432.51,4053.59515242
2026-01-12 18:00:00,91432.51,91981.1,90852.79,91188.09,1857.30598664
2026-01-13 00:00:00,91188.08,92156.93,90925.17,91820.24,1124.5794911
2026-01-13 06:00:00,91818,92590,91694.21,91895.69,1283.01831441
2026-01-13 12:00:00,91900,93754,91681.16,93190.12,6631.9600978
2026-01-13 18:00:00,93190.06,96250,93140,95384.23,8114.00229539
2026-01-14 00:00:00,95385.59,95759.8,94945.9,95000.01,2600.89567394
2026-01-14 06:00:00,95000.01,95298.66,94518.63,94756.03,1625.01433993
2026-01-14 12:00:00,94755.02,97843.91,94634,96974,11492.44190729
2026-01-14 18:00:00,96974,97963.62,96211.99,96955.16,4978.53760471
2026-01-15 00:00:00,96954.02,97015.41,95742,96403.32,2009.08122411
2026-01-15 06:00:00,96403.32,97176.42,96152.34,96562.02,1496.2263859
2026-01-15 12:00:00,96562.01,97139.7,95400.01,96584,4187.20965911
2026-01-15 18:00:00,96583.99,96605.47,95066.19,95587.65,2926.81064011
2026-01-16 00:00:00,95578.2,95830.49,95117.1,95636.86,945.50601427
2026-01-16 06:00:00,95636.87,95821.67,95217.4,95388,720.16280653
2026-01-16 12:00:00,95388,95799.96,94229.04,95035.15,2310.44545318
2026-01-16 18:00:00,95037.42,95581.61,94627.8,95504,2310.24602385
2026-01-17 00:00:00,95503.99,95542.25,95163.86,95279.99,543.47508614
2026-01-17 06:00:00,95279.99,95297.8,94995,95279.82,241.8784698
2026-01-17 12:00:00,95279.56,95600,95158.84,95337.69,508.45056278
2026-01-17 18:00:00,95345.07,95448.43,94980.12,95109.99,460.26681391
2026-01-18 00:00:00,95109.99,95221.99,94821.01,95148,406.91969824
2026-01-18 06:00:00,95148.01,95249.93,94978.13,95123.98,200.083487
2026-01-18 12:00:00,95123.98,95326.01,94858.81,95217.99,442.16606781
2026-01-18 18:00:00,95217.99,95485,93559.78,93633.53,1558.60014683
2026-01-19 00:00:00,93630,93630,91935.3,92472.18,2125.03955953
2026-01-19 06:00:00,92478.13,93327.89,92300.49,93133.08,975.52284533
2026-01-19 12:00:00,93133.08,93359,92640.01,93179.68,990.6905936
2026-01-19 18:00:00,93179.68,93289.87,92079.93,92559.66,902.31256212
2026-01-20 00:00:00,92559.65,92807.99,91208.1,91538,1191.76400995
2026-01-20 06:00:00,91541.53,91553.6,90558.99,91134.95,1253.91296268
2026-01-20 12:00:00,91134.9,91286.99,89305.88,89670.24,4314.71063601
2026-01-20 18:00:00,89670.23,89851.95,87767.53,88310.6,4374.50235932
2026-01-21 00:00:00,88310.6,90009.7,88130.01,89847.96,1527.02768558
2026-01-21 06:00:00,89847.99,89847.99,88600,88691.8,1502.50105872
2026-01-21 12:00:00,88691.73,90500,87156,87836,5755.19895744
2026-01-21 18:00:00,87826.43,90368.7,87484.36,89363.71,3754.71222076
2026-01-22 00:00:00,89363.71,90273.35,89363.71,89933.38,1065.57140556
2026-01-22 06:00:00,89933.38,90129.4,89663.21,89837.84,1053.39531134
2026-01-22 12:00:00,89837.84,90250,88408.65,89457.67,3290.07129151
2026-01-22 18:00:00,89457.67,89868,89010,89463.5,1666.13068268
2026-01-23 00:00:00,89463.51,89972.9,89345.67,89492.41,1000.08036917
2026-01-23 06:00:00,89492.41,89679.99,88737.98,89094.89,793.12394717
2026-01-23 12:00:00,89094.88,91147.01,88440.65,90502.09,3145.2608838
2026-01-23 18:00:00,90502.09,90948.06,89089.6,89474.93,2442.75779204
2026-01-24 00:00:00,89474.94,89832.72,89289.74,89657.61,473.17089706
2026-01-24 06:00:00,89657.61,89668.37,89426.21,89450.01,344.20874021
2026-01-24 12:00:00,89450,89450.01,89007.01,89252.2,529.24993287
2026-01-24 18:00:00,89252.22,89358.02,89065.4,89082.17,455.19152575
2026-01-25 00:00:00,89082.16,89177.95,88691.92,88848,443.82048763
2026-01-25 06:00:00,88847.99,88848,88000,88430,538.49822886
2026-01-25 12:00:00,88430,88847.56,87437,87766.09,1285.41016012
2026-01-25 18:00:00,87766.09,87868.28,86000.13,86561.94,3160.85241204
2026-01-26 00:00:00,86561.94,87863.84,86411.7,87692.46,1758.39612351
2026-01-26 06:00:00,87692.45,88289.32,87492.24,87754.38,851.09740987
2026-01-26 12:00:00,87754.38,88787.97,86922.04,87598,3417.58641349
2026-01-26 18:00:00,87599.82,88565.49,87425.93,88250.01,2192.82074362
2026-01-27 00:00:00,88250,88888,88100,88354.08,1036.51164652
2026-01-27 06:00:00,88349.68,88455.02,87615,87861.93,664.32805765
2026-01-27 12:00:00,87860.61,88723.57,87180.01,87429.67,2563.01237594
2026-01-27 18:00:00,87429.68,89447.21,87328.01,89116.96,2211.24508852
2026-01-28 00:00:00,89116.96,89384.41,88706.32,88963.2,830.00263348
2026-01-28 06:00:00,88963.2,90031.43,88733.54,89961.14,1157.18917372
2026-01-28 12:00:00,89961.14,90476.81,88760,90049.03,2553.80643655
2026-01-28 18:00:00,90049.03,90056.33,88721.11,89162.4,2095.13785538
2026-01-29 00:00:00,89162.4,89210.16,87548.86,88047.94,1662.76802602
2026-01-29 06:00:00,88047.95,88349.2,87599.16,87675.87,1041.73210565
2026-01-29 12:00:00,87675.87,88029,83878,84118.01,7030.97375724
2026-01-29 18:00:00,84119.19,84600,83216.21,84513.2,5125.46640453
2026-01-30 00:00:00,84513.19,84599,81000.12,82777.03,4098.28586277
2026-01-30 06:00:00,82777.02,83164.31,81904.28,83004.91,2435.48163839
2026-01-30 12:00:00,83004.91,83673.24,82235.01,82812.26,3898.73579697
2026-01-30 18:00:00,82812.26,84509.2,81722.33,84110.99,4800.3086939
2026-01-31 00:00:00,84110.99,84138,83648.79,83843.55,1193.10487067
2026-01-31 06:00:00,83843.56,83888.22,82420.21,82866.23,1599.23118919
2026-01-31 12:00:00,82866.25,83000,77000,78774.02,5859.26951954
2026-01-31 18:00:00,78775.99,79135.99,75644.15,78648,6203.4678635
2026-02-01 00:00:00,78648,79337.99,78210.04,78534.06,2210.32463905
2026-02-01 06:00:00,78535.86,79158.06,77875,78688.99,1557.17825479
2026-02-01 12:00:00,78689,78705.07,76717,77682,2781.25497988
2026-02-01 18:00:00,77682.08,78367,75612.75,76895.53,4997.22927368
2026-02-02 00:00:00,76895.99,78113.54,74502.21,75401.24,6409.63930347
2026-02-02 06:00:00,75401.24,77893.65,74868.01,77679,2808.59824012
2026-02-02 12:00:00,77679,79339,77501.59,78943.16,7940.42214891
2026-02-02 18:00:00,78943.16,78948.77,77827.19,78666.85,4034.71404061
2026-02-03 00:00:00,78666.84,79123.75,77576.42,78164.76,1863.97372049
2026-02-03 06:00:00,78164.76,79005.95,77861.5,78000,1533.36278783
2026-02-03 12:00:00,78000,78374.59,74773.01,74812,4897.92789631
2026-02-03 18:00:00,74813.67,76865.28,72859,75661.49,8171.86090552
2026-02-04 00:00:00,75661.49,76876.54,75355.15,76194.37,2682.93110184
2026-02-04 06:00:00,76194.37,76694.02,75530.21,75898.83,1805.94125325
2026-02-04 12:00:00,75901.46,76163.81,72010,72390.27,8076.49050102
2026-02-04 18:00:00,72395.97,73980.03,71703.72,72998,7199.26157161
2026-02-05 00:00:00,72999,73173.96,70002.53,70577.96,6499.0872507
2026-02-05 06:00:00,70577.96,71840.07,69802.32,70195.21,3931.72212433
2026-02-05 12:00:00,70195.21,70784.93,66008.83,66036,19047.19000676
2026-02-05 18:00:00,66035.98,66486,62181.65,62791,19893.20640962
2026-02-06 00:00:00,62788.28,66725.76,60001,66320.04,13428.49580284
2026-02-06 06:00:00,66319.77,66700,64383.38,66546.03,5049.16739939
2026-02-06 12:00:00,66546.02,71496.34,66017.6,70721.38,15561.27558117
2026-02-06 18:00:00,70717.08,71707.18,69282.46,70527.7,9771.94450046
2026-02-07 00:00:00,70521.08,71648.05,69676.55,70128,3518.56968778
2026-02-07 06:00:00,70128.01,70273.91,67293.26,67917.39,3297.40651253
2026-02-07 12:00:00,67916.43,69919.25,67855.99,69144.01,2995.93059816
2026-02-07 18:00:00,69123.43,69681.62,68735.64,69244.74,1439.93703561
2026-02-08 00:00:00,69250,69657.46,68840.83,69174.45,1139.66607978
2026-02-08 06:00:00,69174.45,71150,69035.22,70937.94,1715.56353973
2026-02-08 12:00:00,70937.94,71508,70200.4,70734.95,2201.99496663
2026-02-08 18:00:00,70734.96,72232.17,69933.02,70279.33,3033.22400385
2026-02-09 00:00:00,70279.32,71380.13,70012.81,70991.78,2418.66897867
2026-02-09 06:00:00,70991.78,70991.78,68351.4,68868.8,3009.29310194
2026-02-09 12:00:00,68868.79,70956.62,68233.01,70570.09,5892.6984358
2026-02-09 18:00:00,70570.09,71101.35,69783.48,70101.99,4225.83342306
2026-02-10 00:00:00,70101.98,70489.99,69153,69399.8,1873.58399103
2026-02-10 06:00:00,69399.79,69449.53,68403.03,68457.44,1848.23680138
2026-02-10 12:00:00,68466,69970.59,67857,69900.01,5247.07313431
2026-02-10 18:00:00,69902.28,69920.6,68290.99,68803.65,2597.51922313
2026-02-11 00:00:00,68803.65,69248,67321,67362,2100.52390073
2026-02-11 06:00:00,67362,67445.24,66340,67026.84,2381.32827646
2026-02-11 12:00:00,67025.43,68788,65702.95,66466,6998.65500832
2026-02-11 18:00:00,66470.63,68296.88,66090.39,67024.93,3640.92399587
2026-02-12 00:00:00,67032.71,67994.94,66614.15,67095,1986.03507102
2026-02-12 06:00:00,67094.95,68300,66827.41,68041.99,1626.70768198
2026-02-12 12:00:00,68040,68382.9,65300,65362.41,6112.25743717
2026-02-12 18:00:00,65362.41,66427,65065.47,66208,4098.46071168
2026-02-13 00:00:00,66207.99,66755,65799.71,66128.02,1670.33077756
2026-02-13 06:00:00,66128.02,67170.85,65954.31,67109.69,1868.59863359
2026-02-13 12:00:00,67106,69434.2,66810,68995.98,5991.93862642
2026-02-13 18:00:00,68995.98,69379.28,68640.65,68812,2573.41869725
2026-02-14 00:00:00,68812,69101.17,68715.73,68736.43,844.73792716
2026-02-14 06:00:00,68736.43,70531.53,68697.63,70469.17,1044.0281205
2026-02-14 12:00:00,70469.17,70499.99,69190.96,69713.33,2444.1734026
2026-02-14 18:00:00,69713.33,70218.54,69572.96,69786.96,1254.04201754
2026-02-15 00:00:00,69786.96,70490,69212.82,70237.99,1179.20927261
2026-02-15 06:00:00,70237.98,70941.65,70144.47,70262.7,937.85731339
2026-02-15 12:00:00,70262.7,70377.99,68156.14,68597.99,1978.33531781
2026-02-15 18:00:00,68599.8,69043.41,68020,68792,1870.11132388
2026-02-16 00:00:00,68792,69025.99,68112.44,68347.27,1071.9351092
2026-02-16 06:00:00,68347.27,69025.99,68190.08,68771.82,1078.10414142
2026-02-16 12:00:00,68771.82,70089.99,67251.81,67907.99,2998.34572058
2026-02-16 18:00:00,67905.99,68963.26,67789.44,68858.13,1478.47499625
2026-02-17 00:00:00,68859.55,69199.51,67850.01,68206.9,1369.53774184
2026-02-17 06:00:00,68206.9,68487.09,67638.75,67808.3,853.97198127
2026-02-17 12:00:00,67808.3,68319.8,66569.58,67200.93,4701.36915733
2026-02-17 18:00:00,67200.91,68206.9,67075.24,67466.7,2197.74734664
2026-02-18 00:00:00,67466.7,67903.34,66835.98,67605.71,1298.31811137
2026-02-18 06:00:00,67605.71,68438.84,67042.87,67334.9,1167.18687076
2026-02-18 12:00:00,67337.99,68333.93,66666,67160.31,3851.24266214
2026-02-18 18:00:00,67157.38,67201.26,65812.57,66419.79,3370.42157326
2026-02-19 00:00:00,66419.78,67037.28,66300.43,66839.8,1180.00736765
2026-02-19 06:00:00,66834.01,67288.22,66426.01,66457.45,894.26689303
2026-02-19 12:00:00,66457.44,67034.91,65604.63,66334.39,4132.04509468
2026-02-19 18:00:00,66334.39,67179.95,66202.52,66972.5,2298.97697359
2026-02-20 00:00:00,66972.49,67997.81,66910.35,67766.77,1516.85518758
2026-02-20 06:00:00,67766.77,68294.86,67257.38,67303.5,1619.82984684
2026-02-20 12:00:00,67301.25,68069.75,66427.23,67602.07,5814.72295041
2026-02-20 18:00:00,67602.07,68207.44,67434.3,67984.42,2398.14158629
2026-02-21 00:00:00,67984.42,68085.57,67516.93,67841.32,797.2148406
2026-02-21 06:00:00,67841.33,68285,67730.2,68076.47,476.70889048
2026-02-21 12:00:00,68076.47,68683.27,67894.6,68425.5,1074.57696026
2026-02-21 18:00:00,68388.06,68647.42,67865,67955.78,938.56398336
2026-02-22 00:00:00,67955.78,68200,67778.48,67958.83,755.81783334
2026-02-22 06:00:00,67958.83,68241.4,67891.52,68200,424.76548231
2026-02-22 12:00:00,68199.99,68221.92,67132.81,67358.59,1212.06573282
2026-02-22 18:00:00,67358.58,67723.38,67284,67617.98,870.88442383
2026-02-23 00:00:00,67616.01,67656.42,64298.71,65054.76,4433.13382796
2026-02-23 06:00:00,65054.76,66588.17,65011.97,66204.04,1711.99090744
2026-02-23 12:00:00,66204.05,66512.75,64147.69,64806.01,5192.86271605
2026-02-23 18:00:00,64803.66,65168.15,63855,64625.78,3860.02431121
2026-02-24 00:00:00,64625.78,64988.32,62676.78,63084.84,3266.03122472
2026-02-24 06:00:00,63084.84,63425,62876.3,63211.99,1523.99499219
2026-02-24 12:00:00,63211.97,64521.42,62534.61,64229.93,5280.20253035
2026-02-24 18:00:00,64229.92,64749.86,63841.33,64068.33,2447.17888871
2026-02-25 00:00:00,64068.33,66313.68,63912.25,64884.01,3202.19532048
2026-02-25 06:00:00,64884,65695.93,64773.61,65413.11,1283.94632424
2026-02-25 12:00:00,65412.38,68920,65317.71,68694.01,7588.04448729
2026-02-25 18:00:00,68694,70020,67590.68,67992.68,5248.36246622
2026-02-26 00:00:00,67992.68,68866.86,67717.55,68458.18,2094.46440884
2026-02-26 06:00:00,68458.18,68720.82,67782.74,68044.19,1256.91969377
2026-02-26 12:00:00,68044.2,68299.09,66500.92,66822.04,4478.0937445
2026-02-26 18:00:00,66822.03,67910.6,66571.33,67490.51,2848.79547271
2026-02-27 00:00:00,67490.5,68223.07,66877.91,67727.61,1810.64151245
2026-02-27 06:00:00,67727.61,68158.58,65962.77,66123.71,2287.74622796
2026-02-27 12:00:00,66119.09,66358.12,65108.23,65705.77,4157.36623506
2026-02-27 18:00:00,65705.78,65950.19,64942.87,65859.94,2021.04207064
2026-02-28 00:00:00,65859.93,66019.49,65481.45,65587.37,813.25535195
2026-02-28 06:00:00,65587.37,65591.99,63019.6,63844.3,2930.76734331
2026-02-28 12:00:00,63846.04,65582.83,63831.84,65440.01,2182.66342141
2026-02-28 18:00:00,65474.72,67761.55,65181.14,66967.85,3166.56304741
2026-03-01 00:00:00,66971.54,68200,66051.86,67300.98,2232.40990024
2026-03-01 06:00:00,67300.98,67356.27,66213.49,66467.32,1208.13862386
2026-03-01 12:00:00,66467.32,67361.66,65726.13,65986.17,2223.8133935
2026-03-01 18:00:00,65986.17,66665.99,65008.38,65769,2847.52596843
2026-03-02 00:00:00,65771.56,67071.88,65748.85,66738.97,2025.80615132
2026-03-02 06:00:00,66739.18,66746.02,65544,66363.54,1683.97395561
2026-03-02 12:00:00,66363.54,70128.74,65250.12,69212.76,9105.70423721
2026-03-02 18:00:00,69212.75,69553.89,68585.23,68832.01,4956.98446623
2026-03-03 00:00:00,68832,69255.36,67840.01,67935.06,1778.14639124
2026-03-03 06:00:00,67937.43,68305.51,66339.76,67008.74,2392.37725554
2026-03-03 12:00:00,67008.75,69000.07,66138.2,68318.25,5127.99107892
2026-03-03 18:00:00,68319.5,68927.13,67820.95,68335.99,3525.2128689
2026-03-04 00:00:00,68335.99,68926.71,67391.17,68205.5,2392.8641476
2026-03-04 06:00:00,68205.49,71928.3,68034.81,71113.99,4194.22838413
2026-03-04 12:00:00,71113.99,73800,70592,73256.95,8699.74997091
2026-03-04 18:00:00,73256.95,74100,72332.45,72683.26,5855.92828913
2026-03-05 00:00:00,72683.26,73316.73,72261.78,72437.25,1766.32004735
2026-03-05 06:00:00,72437.26,73588.24,71755.2,72930.5,2013.18050683
2026-03-05 12:00:00,72930.5,73087.98,70639.01,70702.39,4414.98921146
2026-03-05 18:00:00,70702.38,71575.75,70646.97,70887.6,2697.22849499
2026-03-06 00:00:00,70887.61,71428.4,70130.52,70431.19,1867.95223049
2026-03-06 06:00:00,70431.2,71190.85,70185.25,70211.49,1183.75870485
2026-03-06 12:00:00,70213.97,70336.71,67725.14,67948.83,5594.04254058
2026-03-06 18:00:00,67946.46,68477.31,67752.71,68108.24,2399.46091983
2026-03-07 00:00:00,68108.23,68544.79,67803.01,68013.83,888.77008894
2026-03-07 06:00:00,68013.83,68240.61,67417.5,68010.31,676.48934713
2026-03-07 12:00:00,68010.31,68088.07,67602.69,67783.84,644.55839575
2026-03-07 18:00:00,67777.73,67787.37,66921.33,67259.62,1035.23324726
2026-03-08 00:00:00,67259.62,67485.99,66541.97,67145.98,916.47941158
2026-03-08 06:00:00,67145.98,68201.16,67029.04,67514.12,662.96944847
2026-03-08 12:00:00,67514.12,67645.34,66781.93,67057,1024.80998169
2026-03-08 18:00:00,67056.02,67535.6,65618.51,65970.56,2900.92042374
2026-03-09 00:00:00,65970.56,68055.63,65820.93,67901.55,2647.51599881
2026-03-09 06:00:00,67901.55,68457.47,66871.39,67755.33,1425.85008504
2026-03-09 12:00:00,67755.33,69500,67741.44,68611.96,5912.69324306
2026-03-09 18:00:00,68611.96,69543,68238.72,68432.17,3317.89682688
2026-03-10 00:00:00,68432.16,70603.99,68383.5,69973.8,1796.77623006
2026-03-10 06:00:00,69973.8,71305.04,69760.09,70605.18,1889.60989522
2026-03-10 12:00:00,70605.17,71800,69275.01,70891.96,6176.26880298
2026-03-10 18:00:00,70891.97,70942.01,69459.84,69960.83,3459.77907121
2026-03-11 00:00:00,69960.83,70279.02,69426.01,69508.02,1309.8773489
2026-03-11 06:00:00,69508.01,70033.49,69155.74,69179.97,886.67949919
2026-03-11 12:00:00,69179.96,71358.48,68980.74,70802.31,4763.66210543
2026-03-11 18:00:00,70800.94,70928.45,70154.84,70208,2891.50975142
2026-03-12 00:00:00,70208.03,70364.97,69180.01,69474.34,1199.29102036
2026-03-12 06:00:00,69474.34,70819.84,69362.17,70439.47,1327.39201142
2026-03-12 12:00:00,70441.94,70694,69359.19,70235.3,4745.64353653
2026-03-12 18:00:00,70235.31,70750,69778,70531.56,2436.09389847
2026-03-13 00:00:00,70530.02,72023.92,70398.01,71557.97,2338.31093929
2026-03-13 06:00:00,71557.98,72609.3,71186.39,72246.3,1925.36131185
2026-03-13 12:00:00,72246.29,73968,70900.03,71043.02,6045.08203748
2026-03-13 18:00:00,71043.02,71500.96,70555.59,70944.33,1995.46204959
2026-03-14 00:00:00,70944.32,71316,70490.02,71028.99,991.20337331
2026-03-14 06:00:00,71028.99,71028.99,70236.02,70754.52,851.51555942
2026-03-14 12:00:00,70754.51,70969.99,70503.41,70633,674.86188067
2026-03-14 18:00:00,70633,71263.99,70560.01,71232.02,656.50257982
2026-03-15 00:00:00,71232.01,71802,70868.41,71500.16,1244.52640874
2026-03-15 06:00:00,71500.17,71957.56,71394.53,71856.99,675.15376741
2026-03-15 12:00:00,71856.98,71999.5,71274.01,71832,1037.9949866
2026-03-15 18:00:00,71832.01,73220.8,71328.01,72830.01,2827.94428374
2026-03-16 00:00:00,72830.01,74444,72276.24,74201.02,3409.01468607
2026-03-16 06:00:00,74201.02,74205.33,72877.64,73563.79,1992.32707523
2026-03-16 12:00:00,73564.66,74547.5,72992.12,73949.99,4096.34502856
2026-03-16 18:00:00,73949.94,74913.69,73796.98,74886.47,3159.74474716
2026-03-17 00:00:00,74886.46,76022.6,73779.92,74048,3278.33320555
2026-03-17 06:00:00,74048.85,74466,73588.25,74045.4,1366.97406924
2026-03-17 12:00:00,74045.4,74934.42,73400.01,74546.73,4143.38738369
2026-03-17 18:00:00,74546.74,74851.08,73900,73934.11,2569.15971546
2026-03-18 00:00:00,73934.11,74700,73547.51,73977.74,1241.0542852
2026-03-18 06:00:00,73977.73,74317.56,72805.34,72962.74,1115.79368916
2026-03-18 12:00:00,72962.74,72995.23,70863.85,71598.74,4322.53500157
2026-03-18 18:00:00,71598.74,72031.14,70474.83,71245.02,2568.73153457
2026-03-19 00:00:00,71245.01,71628,70650,70823.94,976.33853269
2026-03-19 06:00:00,70823.94,70968.02,69500,69950,1411.86245813
2026-03-19 12:00:00,69950,70153.32,68772.78,69853.51,3618.13908065
2026-03-19 18:00:00,69853.51,70699.99,69569.08,69918.3,1787.68539359
2026-03-20 00:00:00,69917.19,70967.35,69831,70593.45,1092.52514916
2026-03-20 06:00:00,70594.26,71384.62,70202.74,70472.89,1274.98471484
2026-03-20 12:00:00,70472.89,70679.96,69360,69977.09,2940.9139098
2026-03-20 18:00:00,69976.52,70913.08,69504.51,70497.01,2007.46978495
2026-03-21 00:00:00,70497.01,70821.46,70423.8,70695.3,457.33046982
2026-03-21 06:00:00,70695.29,70870.18,70471.23,70637.76,481.34297085
2026-03-21 12:00:00,70637.76,71075.92,70198.01,70287,695.0716381
2026-03-21 18:00:00,70289.71,70513.21,68562.13,68912.02,1222.96304766
2026-03-22 00:00:00,68912.02,69577,68226.04,69142.85,1304.92788041
2026-03-22 06:00:00,69142.84,69236.44,68120,68209.8,581.49514396
2026-03-22 12:00:00,68209.8,69000,68184.91,68665.55,725.28216303
2026-03-22 18:00:00,68665.54,68751,67332.05,67844.94,2278.19352045
2026-03-23 00:00:00,67844.94,68903.87,67425,68883.58,1595.22866348
2026-03-23 06:00:00,68883.58,71491.46,67485.61,70103.4,3045.81611763
2026-03-23 12:00:00,70103.4,71811,69649.65,71067.48,4303.44320372
2026-03-23 18:00:00,71067.48,71229.5,70379.65,70874.23,1410.22907113
2026-03-24 00:00:00,70874.22,71074.99,70097.43,70264,994.65270353
2026-03-24 06:00:00,70264,71389,70229.97,71139.99,907.38419705
2026-03-24 12:00:00,71139.99,71168,68889,69203.48,3210.27145649
2026-03-24 18:00:00,69206.9,70812.36,69130.44,70533.49,2126.43664162
2026-03-25 00:00:00,70533.48,71320.72,70357.1,71088.87,1164.47627755
2026-03-25 06:00:00,71088.88,72030.29,70773.37,71673.97,1772.99478999
2026-03-25 12:00:00,71673.96,71954.83,70545.67,70745.15,2960.89195675
2026-03-25 18:00:00,70745.16,71543.31,70616,71301.53,1767.00521715
2026-03-26 00:00:00,71301.52,71414.33,69901,69963.17,1147.31515901
2026-03-26 06:00:00,69963.09,70134.65,69156.16,69238.42,1330.95126583
2026-03-26 12:00:00,69241.42,69832.15,68346,68437.5,3550.40299957
2026-03-26 18:00:00,68437.49,69412.85,68102.36,68769.02,2196.52452732
2026-03-27 00:00:00,68769.02,69128.75,68250,68575.32,1060.97707476
2026-03-27 06:00:00,68575.32,68915.52,66210,66671.97,2884.15145775
2026-03-27 12:00:00,66671.98,66735.35,65545.01,65573.28,6558.67755927
2026-03-27 18:00:00,65573.28,66368,65498.75,66353.34,3177.61950751
2026-03-28 00:00:00,66353.33,66465.91,65876.61,66298.47,847.69988652
2026-03-28 06:00:00,66298.47,66520.02,66071.87,66267.24,674.92095636
2026-03-28 12:00:00,66268,67249.65,66181.65,66797.72,1337.68876175
2026-03-28 18:00:00,66797.71,66960,66216.55,66320.15,1151.08664859
2026-03-29 00:00:00,66320.16,67076.07,66225.51,66712.72,863.42352499
2026-03-29 06:00:00,66712.72,66942.1,66353.91,66755.17,693.96455729
2026-03-29 12:00:00,66755.17,66818.39,66099.62,66322.33,1031.14191402
2026-03-29 18:00:00,66322.38,66728.01,64938.66,65956.94,2000.01714318
2026-03-30 00:00:00,65957.95,67760.79,65736.63,67428.56,2818.47700491
2026-03-30 06:00:00,67429.41,67956.95,67166.04,67624.66,2214.42231943
2026-03-30 12:00:00,67624.28,68129.33,66583.27,66771.88,3577.86367844
2026-03-30 18:00:00,66771.96,66944.02,66168.98,66737.18,2096.76783421
2026-03-31 00:00:00,66737.08,68346.72,66476.57,67620.04,2218.82698357
2026-03-31 06:00:00,67620.17,67643.62,65924.82,66624.91,2168.52307881
2026-03-31 12:00:00,66624.91,68518.1,66362.57,67461.57,4997.14382928
2026-03-31 18:00:00,67461.57,68346.63,67456.2,68221.85,2447.08961264
2026-04-01 00:00:00,68221.84,68703.55,67525.59,68398.07,2000.72308892
2026-04-01 06:00:00,68398.06,69285.99,68359.04,68690.42,1619.82658235
2026-04-01 12:00:00,68687.29,69156.3,67900.01,68243.61,3611.75572425
2026-04-01 18:00:00,68242.8,68525,67920,68112.35,2572.35088158
2026-04-02 00:00:00,68112.34,68652,66208.07,66575.42,3023.79229433
2026-04-02 06:00:00,66574.72,66927.32,66140.71,66197.5,1090.67472919
2026-04-02 12:00:00,66197.5,67450.75,65696.96,66677.48,3163.54634262
2026-04-02 18:00:00,66677.5,67106.36,66583.47,66894.48,1535.95692582
2026-04-03 00:00:00,66899.11,66995,66275.01,66605.73,1064.36407639
2026-04-03 06:00:00,66605.72,67287.9,66555,67023.63,767.50184387
2026-04-03 12:00:00,67023.63,67375.7,66510,66825.36,1541.5070016
2026-04-03 18:00:00,66825.36,66969,66755.04,66959.99,807.66674829
2026-04-04 00:00:00,66959.98,66961.5,66770.64,66914.67,466.39580789
2026-04-04 06:00:00,66914.68,67217.12,66896.95,67147.92,522.10745708
2026-04-04 12:00:00,67147.92,67528.2,67020.01,67324.02,820.35490791
2026-04-04 18:00:00,67324.02,67535.2,67170.6,67291.73,604.00487721
2026-04-05 00:00:00,67291.72,67300.25,66883.25,66918.59,474.4445202
2026-04-05 06:00:00,66918.6,67127.76,66600,66990.35,462.04520501
2026-04-05 12:00:00,66990.34,67812,66669.24,67346.72,889.9805689
2026-04-05 18:00:00,67348.91,69117.6,67246.63,69005,1983.90719904
2026-04-06 00:00:00,69005,69561,68738.74,69180,1442.34976236
2026-04-06 06:00:00,69179.99,70271.25,68790.97,69619.77,1713.63891872
2026-04-06 12:00:00,69620,70378.48,69150.37,69577.77,5093.05725939
2026-04-06 18:00:00,69577.77,69997.76,68332,68853.61,2933.30771584
2026-04-07 00:00:00,68853.6,69133.19,68270.41,68655.07,1655.58286929
2026-04-07 06:00:00,68655.07,69256.41,68061.76,68328.81,1330.07573795
2026-04-07 12:00:00,68332.52,69039.74,67710.01,68694.66,2927.20447471
2026-04-07 18:00:00,68694.66,72753.97,68324.38,71910.2,5243.86424111
2026-04-08 00:00:00,71910.21,72113.93,71233.98,71730.91,1768.56918204
2026-04-08 06:00:00,71730.91,71962.24,71404.95,71690.4,1208.0891223
2026-04-08 12:00:00,71693.1,72861.38,70684.65,71903.97,5751.31919611
2026-04-08 18:00:00,71903.97,71903.98,70903.5,71085.99,2355.26336896
2026-04-09 00:00:00,71083.99,71200,70468.74,70997.63,1007.67281563
2026-04-09 06:00:00,70997.63,71585.22,70821.99,71152.8,941.12498988
2026-04-09 12:00:00,71152.8,72568.12,70511.78,72359.99,5472.4333016
2026-04-09 18:00:00,72362.41,73147.81,71558.46,71798.01,3286.55702751
2026-04-10 00:00:00,71798.01,72421.88,71587.36,72138.54,1367.40869518
2026-04-10 06:00:00,72138.53,72284,71431.55,72147.83,947.8541608
2026-04-10 12:00:00,72149.16,73339.39,71899.6,73152.07,4702.23005195
2026-04-10 18:00:00,73152.07,73477.87,72802,72997.88,3049.15012868
2026-04-11 00:00:00,72997.88,73150.19,72667.55,72763.44,659.77286213
2026-04-11 06:00:00,72763.44,72958.06,72650,72947.62,413.14044976
2026-04-11 12:00:00,72947.93,73247.97,72564.35,73134.06,686.20371276
2026-04-11 18:00:00,73134.48,73822.95,72952.33,73086,1036.81892051
2026-04-12 00:00:00,73085.99,73172.14,71294.05,71730.02,1212.90909628
2026-04-12 06:00:00,71730.01,71818.16,71389,71495.41,310.82336168
2026-04-12 12:00:00,71495.04,71537.65,70631.46,71168.12,1178.12326915
2026-04-12 18:00:00,71169.59,71478.37,70512.7,70755.35,1741.1861625
2026-04-13 00:00:00,70755.35,71288,70616.81,70904.06,960.58668973
2026-04-13 06:00:00,70904.07,71134.02,70576.27,70942.98,760.71972593
2026-04-13 12:00:00,70943.03,72633.75,70762.64,72202.02,8465.0102621
2026-04-13 18:00:00,72199.48,74936.9,72112.58,74446,7266.34761175
2026-04-14 00:00:00,74448,74614.52,73982.94,74246.04,1916.38130108
2026-04-14 06:00:00,74246.04,74959,74246.04,74409.96,1397.69026983
2026-04-14 12:00:00,74409.97,76127.18,74296.62,74806,11488.23934794
2026-04-14 18:00:00,74806,74863.92,73854.5,74179.04,6283.89609016
2026-04-15 00:00:00,74176.09,74828.61,73902.8,74047.15,1304.31563062
2026-04-15 06:00:00,74047.15,74287.82,73545,74232.72,1157.22878635
2026-04-15 12:00:00,74232.73,74541.06,73604.79,74154.99,2189.26477045
2026-04-15 18:00:00,74154.99,75458.81,74085,74836.31,3081.30752082
2026-04-16 00:00:00,74839.97,75299.67,74478.66,75060.65,1302.4990927
2026-04-16 06:00:00,75062.76,75130.44,74288.5,74593.33,1059.98079299
2026-04-16 12:00:00,74593.33,75042.33,73298.01,74354.87,3720.37507813
2026-04-16 18:00:00,74354.86,75539.91,74250.01,75163.09,2056.09805109
2026-04-17 00:00:00,75163.09,75179.85,74558.21,74656.56,820.18640663
2026-04-17 06:00:00,74656.57,76386.68,74611.72,75622.58,1917.55066628
2026-04-17 12:00:00,75622.59,78390,75557.99,77563.51,10055.16690007
2026-04-17 18:00:00,77563.51,77651.24,76931,77098.01,2621.99653679
2026-04-18 00:00:00,77098.01,77450.15,76926.92,77167.13,876.0414796
2026-04-18 06:00:00,77164.46,77253.75,75793.85,76069.46,1063.22684528
2026-04-18 12:00:00,76069.46,76391.85,75706.19,75852.13,1164.71715663
2026-04-18 18:00:00,75852.13,75934.12,75473.81,75736.82,1141.35726429
2026-04-19 00:00:00,75736,75884.01,75388.96,75580.01,695.36900402
2026-04-19 06:00:00,75580.01,75662.75,74922.47,75637.52,876.76653303
2026-04-19 12:00:00,75637.52,76278.36,74676.91,74820.85,1843.90843106
2026-04-19 18:00:00,74820.85,75120.09,73777.86,73823.14,2061.2969453
2026-04-20 00:00:00,73823.27,74781.95,73741.53,74298.45,1289.21324813
2026-04-20 06:00:00,74299.01,75600,74280.31,75223.96,1402.89167495
2026-04-20 12:00:00,75220.26,76000,74730.01,75937.31,3360.24220721
2026-04-20 18:00:00,75937.31,76600,75653.71,75864.86,2926.98799605
2026-04-21 00:00:00,75864.86,76290,75514,75835.77,885.94880125
2026-04-21 06:00:00,75835.76,76926.37,75725.96,76485.82,1524.09322639
2026-04-21 12:00:00,76486.41,76632.97,75074,75567.26,3145.61202797
2026-04-21 18:00:00,75567.27,76453.02,74817.27,76348.58,2001.2638811
2026-04-22 00:00:00,76355.73,78444,76145,77986.99,2660.34074901
2026-04-22 06:00:00,77987,78422.84,77821.1,78327.98,1685.35783402
2026-04-22 12:00:00,78327.98,79523,78137.19,78947.97,4767.52990418
2026-04-22 18:00:00,78947.98,79218.81,78182,78208.52,2644.69101375
2026-04-23 00:00:00,78208.52,78608.94,77500,78051.59,1614.87513842
2026-04-23 06:00:00,78055.02,78370.49,77200,77722.29,1353.02607488
2026-04-23 12:00:00,77722.29,78722.96,76979.99,77796.41,4263.31189951
2026-04-23 18:00:00,77796.41,78369.99,77600,78281.32,2135.54192176
2026-04-24 00:00:00,78281.32,78607.38,77465.3,77974.29,1350.69832848
2026-04-24 06:00:00,77974.3,78400,77423.86,78256.13,1268.76029561
2026-04-24 12:00:00,78256.15,78500,77502.59,77707.15,3758.44845238
2026-04-24 18:00:00,77707.16,77787.4,77289,77461.8,1388.86504382
2026-04-25 00:00:00,77461.79,77739.8,77329.29,77542.19,442.70257979
2026-04-25 06:00:00,77542.19,77911.09,77470,77709.94,700.24852898
2026-04-25 12:00:00,77711.31,77774.27,77179.2,77274.53,1071.6316729
2026-04-25 18:00:00,77274.52,77680.3,77210,77650.72,657.09180934
2026-04-26 00:00:00,77650.72,78221.43,77346.44,78004.97,773.82207874
2026-04-26 06:00:00,78004.97,78237.34,77917.89,78118.01,503.74495611
2026-04-26 12:00:00,78118.01,78189.65,77782.36,78037.46,795.91647609
2026-04-26 18:00:00,78037.46,78943,77873.76,78673.83,1868.5735865
2026-04-27 00:00:00,78673.84,79496,77584.43,77790,2724.02041098
2026-04-27 06:00:00,77790.01,77992.86,77481,77847.89,1066.95605216
2026-04-27 12:00:00,77847.88,78278.39,76529.01,76721.22,3634.78260131
2026-04-27 18:00:00,76721.22,77444.41,76447.51,77364.42,1863.00340783
2026-04-28 00:00:00,77364.48,77478.99,76664.99,76882.73,1220.95905722
2026-04-28 06:00:00,76884.2,77029.4,76106.88,76224.71,1341.89727519
2026-04-28 12:00:00,76224.72,76423.44,75646.84,76166.79,2609.15624299
2026-04-28 18:00:00,76166.79,76483.8,76042.42,76317.99,1453.81867113
2026-04-29 00:00:00,76317.99,77447.18,76163.99,77280.36,1607.8594129
2026-04-29 06:00:00,77280.36,77906.84,76912.64,77580.73,1528.50238182
2026-04-29 12:00:00,77580.73,77597.63,75663.89,76153.83,3738.13409988
2026-04-29 18:00:00,76146.12,76236.65,74914,75752.88,2791.08715274
2026-04-30 00:00:00,75752.87,76448.83,75290.1,75567.91,1454.49991057
2026-04-30 06:00:00,75567.9,76321.98,75538,76039.6,916.55792951
2026-04-30 12:00:00,76039.6,76655.95,75982.3,76210.43,2236.05517049
2026-04-30 18:00:00,76210.43,76543.47,76161.54,76305.78,1675.34426592
2026-05-01 00:00:00,76305.78,77427.41,76275.01,77144.81,1311.33909291
2026-05-01 06:00:00,77144.81,77588.39,76852.56,77452.72,1002.07795385
2026-05-01 12:00:00,77452.73,78961.14,77392.01,78550,4540.89568912
2026-05-01 18:00:00,78550,78631.23,77721.81,78234.05,1932.16775266
2026-05-02 00:00:00,78234.05,78517.77,78034.28,78179.6,625.45092258
2026-05-02 06:00:00,78179.6,78394.26,78093.09,78147.04,382.11887759
2026-05-02 12:00:00,78147.05,78594.99,78098.93,78393.08,574.55257787
2026-05-02 18:00:00,78393.07,79155,78308,78682.31,862.0919004
2026-05-03 00:00:00,78682.31,78759.97,78098.33,78239.86,526.17372022
2026-05-03 06:00:00,78239.87,78840.24,78073.01,78657.99,440.95535323
2026-05-03 12:00:00,78658,78873,78552.39,78721.36,681.56607632
2026-05-03 18:00:00,78721.37,79428.6,78478.43,78558.89,1118.18073338
2026-05-04 00:00:00,78558.88,80613,78269.41,80013.53,2899.59732367
2026-05-04 06:00:00,80013.53,80049,78205,78782.95,2331.58506977
2026-05-04 12:00:00,78782.95,80750,78491,80393.97,4811.92620493
2026-05-04 18:00:00,80391.28,80441.54,79733.52,79852.37,1496.30688432
2026-05-05 00:00:00,79852.37,81324.59,79789.5,80965.55,1812.38416794
2026-05-05 06:00:00,80965.56,81161.36,80511.34,81026.17,1139.83939945
2026-05-05 12:00:00,81026.16,81735.3,80934.88,81280,3470.31590448
2026-05-05 18:00:00,81280.04,81799.6,80778,80907.72,2706.96109347
2026-05-06 00:00:00,80907.72,81750,80699.66,81322.16,1312.39274634
2026-05-06 06:00:00,81322.16,82814.23,81202.79,82520.75,2349.25098531
2026-05-06 12:00:00,82520.75,82541.88,81122,81449.91,3089.70929187
2026-05-06 18:00:00,81449.9,81705.34,81000,81438.1,1525.17796665
2026-05-07 00:00:00,81438.11,81488.98,80724.74,81092.98,1111.67769873
2026-05-07 06:00:00,81092.98,81709.17,80562,80857.33,944.90477037
2026-05-07 12:00:00,80857.33,81199.73,79456,80091.18,3532.21454497
2026-05-07 18:00:00,80091.18,80375.21,79566.87,80005.38,1449.35395667
2026-05-08 00:00:00,80005.38,80136.45,79589.37,79593.1,106.24736695
2026-05-08 06:00:00,79590.67,80324.34,79589.38,80223.49,687.9756736
2026-05-08 12:00:00,80223.14,80487.39,79520.44,80050.95,1396.1697615
2026-05-08 18:00:00,80053.95,80419.99,79940,80188.82,896.34890254
2026-05-09 00:00:00,80188.82,80666.16,80115.33,80374,420.87415812
2026-05-09 06:00:00,80374,80434.62,80124.5,80315.98,505.41483537
2026-05-09 12:00:00,80315.98,80909,80214.33,80794.61,637.63818007
2026-05-09 18:00:00,80795.4,81065.32,80603.22,80655.96,492.66182818
2026-05-10 00:00:00,80655.97,80876.05,80552.73,80679.99,355.68422783
2026-05-10 06:00:00,80679.99,80959.04,80619.59,80794,434.71351108
2026-05-10 12:00:00,80790,81567.99,80761.32,81471.42,1174.36367198
2026-05-10 18:00:00,81471.67,82450,80273.86,82199.99,2006.32666615
2026-05-11 00:00:00,82199.99,82379,80504.01,80809.99,1527.6843605
2026-05-11 06:00:00,80810,81191.87,80595.35,81186.04,605.97998866
2026-05-11 12:00:00,81187.5,82056.95,80417.72,81931.6,2951.3352976
2026-05-11 18:00:00,81931.61,82131.55,81575,81727.06,1946.61795888
2026-05-12 00:00:00,81727.09,81778,80728.3,81200,656.64799036
2026-05-12 06:00:00,81200,81282.78,80464.44,80756.24,862.34445209
2026-05-12 12:00:00,80755.31,80986.02,79802.51,80493.81,2600.24562317
2026-05-12 18:00:00,80493.81,80872.37,80398.02,80484.72,1128.13024323
2026-05-13 00:00:00,80484.72,81278.76,80389.95,80998.67,626.75772587
2026-05-13 06:00:00,80999.9,81293.93,80458.66,80468.97,656.70590636
2026-05-13 12:00:00,80468.97,80570.3,78699.83,79485.12,4809.67215534
2026-05-13 18:00:00,79485.12,79949.75,79182.72,79288.26,1866.97609344
2026-05-14 00:00:00,79288.26,79962.39,78885.42,79779.34,1096.14716163
2026-05-14 06:00:00,79779.35,79912.21,79186,79212.02,559.13499241
2026-05-14 12:00:00,79212.01,82066.22,79194.06,81678.01,7883.58899325
2026-05-14 18:00:00,81678,81994.98,81028.56,81079.39,3683.36361663
2026-05-15 00:00:00,81078.04,81650,80300,80346.37,895.45714489
2026-05-15 06:00:00,80346.36,80994,80300,80616.05,607.9773991
2026-05-15 12:00:00,80617.67,80637.99,78591.99,79424.91,3838.49152325
2026-05-15 18:00:00,79425.13,79533.91,78870.69,79058.51,1447.80762
2026-05-16 00:00:00,79058.5,79182.02,78812.01,78998,812.24387456
2026-05-16 06:00:00,78998,79017.76,77608.95,78047.68,1049.44206091
2026-05-16 12:00:00,78047.68,78328.88,77798,78168.25,719.74593462
2026-05-16 18:00:00,78168.26,78300,78085.49,78105.45,472.00652702
2026-05-17 00:00:00,78105.46,78289,77681.95,78098.48,522.5402728
2026-05-17 06:00:00,78098.48,78570,77977.27,78382,311.54863508
2026-05-17 12:00:00,78382,78513.95,77807.64,78056.21,464.98341654
2026-05-17 18:00:00,78056.21,78455,76673.54,77407.59,1201.56640991
2026-05-18 00:00:00,77406.57,77431,76658.23,76878.39,1025.00817137
2026-05-18 06:00:00,76878.38,77356.43,76537.76,77238.51,988.75142357
2026-05-18 12:00:00,77238.52,77764.28,75992,76639.59,5161.29055167
2026-05-18 18:00:00,76636.94,77285,76074.71,76943.98,1650.32687332
2026-05-19 00:00:00,76943.96,77350.08,76421.09,76841.83,746.34310763
2026-05-19 06:00:00,76842.8,77250.89,76566.36,76641.3,600.13274901
2026-05-19 12:00:00,76641.3,76991.27,76061.12,76778.22,2455.21149017
2026-05-19 18:00:00,76778.23,77002.56,76570,76767.48,1072.72630903
2026-05-20 00:00:00,76767.48,77251.75,76433.52,77121,1120.18055404
2026-05-20 06:00:00,77121,77583.85,77116.25,77291.88,754.5825939
2026-05-20 12:00:00,77297.44,77782.61,76794.91,77493.77,2920.1429534
2026-05-20 18:00:00,77493.77,77690.19,77142.29,77475.99,1221.29914931
2026-05-21 00:00:00,77475.98,78103.76,77437.01,77749.27,1282.9594011
2026-05-21 06:00:00,77749.27,78123.68,77050.27,77111.09,1075.50382083
2026-05-21 12:00:00,77111.1,78016.84,76619.02,77796.94,2493.82778117
2026-05-21 18:00:00,77796.94,77857.51,77145.55,77547.62,1186.45937252
2026-05-22 00:00:00,77547.25,77833.02,77233.35,77408.43,790.97521365
2026-05-22 06:00:00,77408.43,77466.99,77081.94,77342.06,756.84677364
2026-05-22 12:00:00,77342.06,77493.92,76465.47,76655.06,1465.99209567
2026-05-22 18:00:00,76655.07,76813.99,75266.73,75443.91,2118.5918915
2026-05-23 00:00:00,75446.99,75574,75120,75398.54,870.49681548
2026-05-23 06:00:00,75398.53,75411.97,74197.11,74710.31,1128.06304113
2026-05-23 12:00:00,74710.31,75598.91,74567.49,75399.73,1249.92250637
2026-05-23 18:00:00,75399.73,77305,75374.23,76650,2370.56978092
2026-05-24 00:00:00,76648.65,76909.8,76532.22,76714.49,687.48454975
2026-05-24 06:00:00,76714.49,77412.32,76614.38,77219.29,807.91430775
2026-05-24 12:00:00,77219.28,77229.85,76100,76591.26,971.47564122
2026-05-24 18:00:00,76591.25,77132.46,76000,76975.99,1228.1943067
2026-05-25 00:00:00,76975.99,77406,76807.04,77316.27,829.9963095
2026-05-25 06:00:00,77316.27,77617.56,77082.42,77284.13,599.56684318
2026-05-25 12:00:00,77284.13,77834.55,77204.36,77490.01,1056.36706972
2026-05-25 18:00:00,77490.01,77593.48,76965.02,77249.07,849.45150479
2026-05-26 00:00:00,77249.07,77278,76385,76830,1107.0382402
2026-05-26 06:00:00,76830,77543.46,76488.01,77097.98,919.01252819
2026-05-26 12:00:00,77097.99,78015.46,75728.94,75816.73,4707.25636267
2026-05-26 18:00:00,75817.45,76151.04,75555,75826.1,1880.93775064
2026-05-27 00:00:00,75826.1,75995.45,75161.63,75575.98,1008.7821071
2026-05-27 06:00:00,75575.99,75955.41,75546.88,75637.79,590.40372339
2026-05-27 12:00:00,75637.79,76033.66,74535.04,74711.67,2888.2611739
2026-05-27 18:00:00,74711.66,75279.92,74113.95,74315.98,1897.75590546
2026-05-28 00:00:00,74316.71,74462.4,72618.58,72857.98,2306.68966798
2026-05-28 06:00:00,72856.56,73493.24,72631.45,73375.62,986.03323929
2026-05-28 12:00:00,73375.62,73618.69,72445.11,73430.6,3912.64310305
2026-05-28 18:00:00,73430.6,73842,73126.81,73512.56,1373.72012856
2026-05-29 00:00:00,73512.55,73766.99,73068.25,73595.29,1078.16094255
2026-05-29 06:00:00,73595.28,73836.83,73225.01,73369.79,1320.45754667
2026-05-29 12:00:00,73369.79,74224.84,72364.13,73864.41,4223.96977884
2026-05-29 18:00:00,73866.93,73961.13,73065.93,73366.77,2434.5763389
2026-05-30 00:00:00,73366.77,73702.26,73107.24,73504.38,1236.40885976
2026-05-30 06:00:00,73504.38,73612.59,73382,73495.4,886.22867293
2026-05-30 12:00:00,73495.4,73989.05,73480,73910.78,1006.5828314
2026-05-30 18:00:00,73910.79,74029.01,73657.4,73770.69,885.80489396
2026-05-31 00:00:00,73770.69,74156.59,73739.77,73947.01,701.12083127
2026-05-31 06:00:00,73947,73996.54,73603.75,73818.71,455.59694856
2026-05-31 12:00:00,73818.71,73909.56,73288,73612.54,869.10922366
2026-05-31 18:00:00,73612.54,74092.08,73333.97,73575.17,1293.05178584
2026-06-01 00:00:00,73575.18,73978.52,73112,73249.74,924.75033096
2026-06-01 06:00:00,73255.77,73270.24,72205.86,72388.76,1251.37229857
2026-06-01 12:00:00,72388.76,72523.32,70555,71535,6442.80823659
2026-06-01 18:00:00,71533.78,71603.49,70733.39,71314.42,2216.93339606
2026-06-02 00:00:00,71314.43,71315.67,70011.01,70159.03,1925.40537503
2026-06-02 06:00:00,70159.03,70337.04,69216.84,69349.99,2035.92607243
2026-06-02 12:00:00,69350,69438.8,66940,67356.4,7019.43069693
2026-06-02 18:00:00,67356.4,67824.46,66100.01,66658.35,4760.56091182
2026-06-03 00:00:00,66658.45,67296.64,65353.08,67223.73,3831.9931987
2026-06-03 06:00:00,67222.46,67416.5,66546.37,66969.63,1846.84848486
2026-06-03 12:00:00,66969.63,67149.71,65440,65859.81,5217.24875214
2026-06-03 18:00:00,65859.81,66068.01,63985.01,64040,4893.93902026
2026-06-04 00:00:00,64039.99,64695,61309.25,63893.55,7271.83931848
2026-06-04 06:00:00,63890,64422.51,62132.43,62478.12,4489.89528352
2026-06-04 12:00:00,62477.28,64443.41,62311.15,63446.65,7748.5093825
2026-06-04 18:00:00,63446.65,64081.78,63049.24,63806.02,6023.3425265
2026-06-05 00:00:00,63806.02,63906.02,62208.9,62263.05,3212.55997346
2026-06-05 06:00:00,62262.01,63202.7,61082.33,61898.07,4889.92007003
2026-06-05 12:00:00,61897.6,62392.49,59750,60751.96,11144.82614597
2026-06-05 18:00:00,60751.96,61971.74,59073.01,61032,9485.40881597
2026-06-06 00:00:00,61031.98,61499.41,59448.45,60910.5,3283.50557804
2026-06-06 06:00:00,60910.57,61458.59,60171.96,60775.55,1932.06799236
2026-06-06 12:00:00,60774.68,61150,60356.84,60548.84,2201.95262833
2026-06-06 18:00:00,60547.99,60973.04,60364.01,60850.48,1655.88920061
2026-06-07 00:00:00,60850.48,62120.92,60706.4,61715.21,1842.12410857
2026-06-07 06:00:00,61715.14,62937.69,61586.01,62600.04,1974.53715915
2026-06-07 12:00:00,62600.03,62622.96,61544.84,62128.02,2281.08746438
2026-06-07 18:00:00,62128.02,64234.45,61146.42,63302.73,3695.4240006
2026-06-08 00:00:00,63302.03,63836,62365.43,62725,2537.2311134
2026-06-08 06:00:00,62725,63827.35,62690.77,63429.85,2055.95131083
2026-06-08 12:00:00,63429.84,64200.02,62650.78,63520.5,4712.32020436
2026-06-08 18:00:00,63520.5,63835.79,62711.03,63062.98,2450.1538361
2026-06-09 00:00:00,63062.97,63490.49,62391.6,63306.18,1448.8559462
2026-06-09 06:00:00,63306.18,63472.8,62455.96,62673.3,1463.06288651
2026-06-09 12:00:00,62673.29,62862.87,60713.5,61637.72,5561.79639177
2026-06-09 18:00:00,61637.76,62227.59,61489.5,61685.8,2744.61338631
2026-06-10 00:00:00,61685.81,61936.64,61030.09,61306.28,1210.8371809
2026-06-10 06:00:00,61306.28,61750.69,60708.92,60977.48,1545.5483864
2026-06-10 12:00:00,60977.47,62809.04,60900.9,61914.59,4235.95446984
2026-06-10 18:00:00,61914.6,62115,61028.22,61449.46,2048.61800773
2026-06-11 00:00:00,61449.47,62778.96,61449.47,62543.33,1488.07865436
2026-06-11 06:00:00,62543.33,63200,62466.84,63043.98,1376.34189845
2026-06-11 12:00:00,63043.99,63586.7,62255.87,63562,4383.44840938
2026-06-11 18:00:00,63561.98,63866.82,63202.84,63563.42,2201.38206825
2026-06-12 00:00:00,63563.44,63775.99,63216.13,63268,1165.35038099
2026-06-12 06:00:00,63268,63882.85,62739.81,63685.17,1414.97977128
2026-06-12 12:00:00,63685.17,64347.32,62964,63823.2,3919.00774794
2026-06-12 18:00:00,63823.21,63900,63342.03,63538.43,1680.52886401
2026-06-13 00:00:00,63538.44,63804.99,63400.92,63551.17,882.08891376
2026-06-13 06:00:00,63551.17,63937.47,63510.63,63923.41,801.02771375
2026-06-13 12:00:00,63923.41,64310,63871.78,63932.63,1164.84656506
2026-06-13 18:00:00,63933.39,64727.27,63933.39,64429.99,1298.48226502
2026-06-14 00:00:00,64424.98,64682,64261.4,64334,805.91351122
2026-06-14 06:00:00,64334.23,64627.34,64190,64513.83,619.93122548
2026-06-14 12:00:00,64513.84,64530.08,63652.97,63696.58,995.87005334
2026-06-14 18:00:00,63696.58,65764.16,63640,65706.62,2297.4963439
2026-06-15 00:00:00,65704.23,65960,65302.08,65825.05,1408.66343245
2026-06-15 06:00:00,65825.05,66348.4,65464.2,66190.01,1293.02602416
2026-06-15 12:00:00,66190,67264,66058.06,66813.93,3645.8982122
2026-06-15 18:00:00,66813.97,66914.47,66053.75,66276.8,1723.97312355
2026-06-16 00:00:00,66276.79,66424.92,65607.54,66020.16,958.08666939
2026-06-16 06:00:00,66020.15,66944,66020.15,66440.49,943.20292198
2026-06-16 12:00:00,66440.49,66774.05,65300.03,65917.35,2536.13469916
2026-06-16 18:00:00,65917.36,66202.79,65487.74,65616.64,1910.389305
2026-06-17 00:00:00,65616.64,66073.34,65417.05,65768.1,829.27621349
2026-06-17 06:00:00,65768.11,65832.44,64491.88,64749.51,1286.21845413
2026-06-17 12:00:00,64749.52,66384.01,64529.74,66055.58,2098.17515916
2026-06-17 18:00:00,66054,66054,63851.02,64446.04,3430.52642032
2026-06-18 00:00:00,64446.05,64752.51,63619.96,63920.54,1069.20055268
2026-06-18 06:00:00,63920.53,64586.15,63775.98,63901.92,1109.28462715
2026-06-18 12:00:00,63901.93,64382.31,62159.76,62512.66,3554.1596842
2026-06-18 18:00:00,62512.67,63205.11,62486.88,62879.01,1742.84209063
2026-06-19 00:00:00,62879.01,63045.2,62303.37,62675.81,993.48985446
2026-06-19 06:00:00,62675.82,62856.47,62246.24,62570.52,749.0676407
2026-06-19 12:00:00,62570.52,63351.3,62288.5,63135.45,1152.77310355
2026-06-19 18:00:00,63135.45,63595.93,62874.4,63475.2,696.91803789
2026-06-20 00:00:00,63475.08,63840,63250,63613.05,958.56184963
2026-06-20 06:00:00,63613.04,63738.18,63323.7,63617.41,681.65989314
2026-06-20 12:00:00,63617.41,64312.73,63131.38,63751.18,1428.00805692
2026-06-20 18:00:00,63751.18,64279.63,63705.37,64222.99,798.13433646
2026-06-21 00:00:00,64223,64508.4,64120,64178.01,743.82436465
2026-06-21 06:00:00,64178.01,64398.98,63820.91,64095.3,577.56809942
2026-06-21 12:00:00,64095.29,64273.5,63872.56,64065.3,674.5190572
2026-06-21 18:00:00,64065.31,64220.85,63171.19,63235.63,1745.29862303
2026-06-22 00:00:00,63235.63,64733,63235.61,64164.81,1528.19260159
2026-06-22 06:00:00,64164.81,64699.99,63863.92,64583.24,906.21539936
2026-06-22 12:00:00,64583.24,65553.39,64315,64529.2,3663.35094125
2026-06-22 18:00:00,64529.21,64665.98,63726.78,63950.61,1846.3684359
2026-06-23 00:00:00,63950.61,64211.95,63276.33,63321.01,1127.08039471
2026-06-23 06:00:00,63321,63321,61862.27,62432.78,1748.23173802
2026-06-23 12:00:00,62432.78,62778.89,61871.56,62271.41,2695.25970626
2026-06-23 18:00:00,62271.42,62715.35,62005,62644.86,1361.04029843
2026-06-24 00:00:00,62644.86,63040.99,62374.5,62802,1214.90547326
2026-06-24 06:00:00,62801.99,63156.34,62218.9,62835.29,1071.51296975
2026-06-24 12:00:00,62835.29,62891.39,59010.74,59304.9,8180.73553082
2026-06-24 18:00:00,59309.31,61175.42,59218.2,60983.13,5167.95691623
2026-06-25 00:00:00,60983.14,61713.01,60581.44,61498.83,1604.92342919
2026-06-25 06:00:00,61498.83,61868.39,60965.4,61179.08,1239.21705614
2026-06-25 12:00:00,61179.08,61666.2,58000,59579.08,8597.99055039
2026-06-25 18:00:00,59579.95,60166.55,59068,59703.65,3585.74022503
2026-06-26 00:00:00,59703.66,60144.48,58243.36,59860.02,2772.24600434
2026-06-26 06:00:00,59856.02,60660,59144.56,59328.02,2472.89280254
2026-06-26 12:00:00,59328.02,60492.32,58409.58,59929.01,6153.05114525
2026-06-26 18:00:00,59929,60064.73,59448.68,60002.53,2946.70692658
2026-06-27 00:00:00,60002.97,60387.9,59783.22,60143.99,1433.82653651
2026-06-27 06:00:00,60143.99,60480.53,60008.17,60264.73,701.54864556
2026-06-27 12:00:00,60264.74,60838.92,60153.48,60424.07,919.20869493
2026-06-27 18:00:00,60424.07,60509.4,59765.1,59934.84,1208.83158666
2026-06-28 00:00:00,59934.84,60252,59655.4,59892.01,700.87561817
2026-06-28 06:00:00,59892.01,60455,59715.9,60251.97,518.57081694
2026-06-28 12:00:00,60251.97,60367.15,59305.86,59493.11,1047.81124757
2026-06-28 18:00:00,59493.11,59835,58810.11,59474.01,1978.70473606
2026-06-29 00:00:00,59473.99,60126.01,58800,60006.02,1394.77588182
2026-06-29 06:00:00,60009.66,60248.52,59642.23,59864.53,1069.72487552
2026-06-29 12:00:00,59864.53,60702.63,58880.39,60318.46,6157.7682998
2026-06-29 18:00:00,60319.82,60493.62,60054.81,60162.73,1984.86355143
2026-06-30 00:00:00,60162.73,60191.99,59250,59549.99,1132.40319419
2026-06-30 06:00:00,59549.99,59617.51,59010.35,59076.82,1088.21847465
2026-06-30 12:00:00,59076.82,59159.15,58056,58322.24,4822.46748133
2026-06-30 18:00:00,58322.25,58787.03,58252.05,58523.93,2422.84317667
2026-07-01 00:00:00,58523.93,59373.3,57717.55,59060.91,2310.09585257
2026-07-01 06:00:00,59060.9,59070.82,58407.31,58536.74,1109.91424798
2026-07-01 12:00:00,58536.74,60473.99,58242.82,60129.4,4081.08521964
2026-07-01 18:00:00,60129.4,61287.33,59797.67,59961.45,3183.66766686
2026-07-02 00:00:00,59961.46,61056.19,59520.02,60433.52,1830.44868744
2026-07-02 06:00:00,60433.26,61339.46,60014.94,61283.64,2071.00475967
2026-07-02 12:00:00,61279.9,62147.89,61067.81,61604.61,4017.97141565
2026-07-02 18:00:00,61604.62,61813.39,61266.79,61484.02,2007.49707642
2026-07-03 00:00:00,61484.02,61725.12,61162.79,61623.29,1010.20311681
2026-07-03 06:00:00,61623.3,62031.97,61440.7,61943.92,810.19229683
2026-07-03 12:00:00,61943.92,62345.5,61620.03,62139.9,1934.60493689
2026-07-03 18:00:00,62141.15,62899.99,62062.44,62520.22,1503.18010162
2026-07-04 00:00:00,62520.22,62885,62342.28,62412.4,964.53072944
2026-07-04 06:00:00,62412.4,62611.33,62274.16,62428.52,293.62874129
2026-07-04 12:00:00,62428.52,63376.99,62426.1,63221.15,977.54321688
2026-07-04 18:00:00,63221.14,63410,62879.83,63086.45,910.11328322
2026-07-05 00:00:00,63086.46,63088,62532.7,62679.99,842.18945344
2026-07-05 06:00:00,62681.99,63049.99,62384.08,62610.01,481.33544019
2026-07-05 12:00:00,62609.96,62890.51,62512.98,62571.4,757.22669494
2026-07-05 18:00:00,62571.4,63940.79,62552.3,63580.44,1852.17715625
2026-07-06 00:00:00,63580.45,63860,62888,63048.44,1055.46090245
2026-07-06 06:00:00,63048.44,63177.93,62421.85,62421.85,952.70776461
2026-07-06 12:00:00,62420.01,63938.39,61250,63536.22,5510.96265363
2026-07-06 18:00:00,63538.35,64658.85,63508.07,64001.84,2377.34918632
2026-07-07 00:00:00,64001.85,64272.92,62740.47,63074.74,1399.01069031
2026-07-07 06:00:00,63073.49,63403.71,62923.26,63345.26,1256.00939661
2026-07-07 12:00:00,63345.26,64199.93,62583,64145.47,3880.63313741
2026-07-07 18:00:00,64145.47,64145.47,63177.61,63323.27,2156.65985937
2026-07-08 00:00:00,63322.07,63720.88,62447.04,62588.76,1311.48032883
2026-07-08 06:00:00,62588.76,62895.35,61663.4,62249.32,1529.37298947
2026-07-08 12:00:00,62249.32,62369.97,61453.09,62052.69,2902.33714065
2026-07-08 18:00:00,62052.69,62303.65,61905.45,62237.7,1494.59774192
2026-07-09 00:00:00,62237.7,62596.59,61636.05,62537.39,1191.62068131
2026-07-09 06:00:00,62537.4,63226.2,62430.68,62718.96,1180.44486584
2026-07-09 12:00:00,62718.97,63210.33,62403.42,63088.25,2408.31835347
2026-07-09 18:00:00,63088.25,63448.46,62999.67,63175.25,1225.96899073
2026-07-10 00:00:00,63175.25,64152.57,62865.01,64076.23,1255.33081629
2026-07-10 06:00:00,64076.23,64449.99,63752.03,64378.15,1103.22058175
2026-07-10 12:00:00,64378.18,64669.42,63686.04,63775.71,3487.5932663
2026-07-10 18:00:00,63775.72,64175.79,63608.54,64128.49,1558.38033312
2026-07-11 00:00:00,64128.49,64270.8,63938.73,64125.38,573.80202915
2026-07-11 06:00:00,64125.38,64262.33,64069.28,64145.27,519.96916216
2026-07-11 12:00:00,64145.27,64458.7,63856.52,64271.48,880.27401601
2026-07-11 18:00:00,64268.29,64417,63769.84,63773.04,643.25204031
2026-07-12 00:00:00,63773.05,64202.31,63654.01,63925.68,894.49486487
2026-07-12 06:00:00,63925.68,64060.98,63588.2,63966.54,729.38168261
2026-07-12 12:00:00,63966.53,64250.56,63917.39,64034.91,461.91244546
2026-07-12 18:00:00,64034.91,64232.49,63625,63740.32,547.52883665
2026-07-13 00:00:00,63740.32,64388.01,62461,62754.53,1718.48502589
2026-07-13 06:00:00,62754.53,63226,62660.4,62842.97,1122.80111462
2026-07-13 12:00:00,62842.97,62928,61820.83,61830,4453.61075902
2026-07-13 18:00:00,61831.55,62271.83,61750.9,62264.94,2296.29235727
2026-07-14 00:00:00,62264.94,62806,62190.4,62654.02,919.74731615
2026-07-14 06:00:00,62654.01,62849.99,62400.35,62769.76,627.84456042
2026-07-14 12:00:00,62769.77,64918,62710.88,64586.36,3964.24808248
2026-07-14 18:00:00,64586.36,65055.04,64373.09,64988.64,1992.69816237
2026-07-15 00:00:00,64988.65,65018.79,64431.11,64896,849.713712
2026-07-15 06:00:00,64895.99,65235.25,64435.2,64679.32,792.60689708
2026-07-15 12:00:00,64679.33,65559.5,64538,65005.03,2722.31357753
2026-07-15 18:00:00,65002.61,65107.11,64646.68,64716.63,1392.64581375
2026-07-16 00:00:00,64712.04,64946.07,64345.38,64865.14,858.87398905
2026-07-16 06:00:00,64865.15,64936.18,63827.42,64200,1159.32489126
2026-07-16 12:00:00,64200,64847.44,63798.96,64030.02,1919.24508079
2026-07-16 18:00:00,64030.16,64288.58,63690.78,63770.6,1164.1038455
2026-07-17 00:00:00,63770.6,64013.4,62744.16,62782.59,1309.82657603
2026-07-17 06:00:00,62782.59,63303.38,62588,63237.74,957.56638871
2026-07-17 12:00:00,63237.74,64200,62452.52,64010.87,3270.50631355
2026-07-17 18:00:00,64008.72,64353.56,63840.64,63894,1917.15930447
2026-07-18 00:00:00,63893.99,63992.77,63842.35,63924,958.9535621
2026-07-18 06:00:00,63924,64044.96,63895.64,64016.19,320.8738885
2026-07-18 12:00:00,64016.19,64450,63921.6,64443.32,787.05107818
2026-07-18 18:00:00,64443.32,64827.93,64436.79,64796.36,1054.10330015
2026-07-19 00:00:00,64796.36,64918.7,64569.29,64682.21,445.85640198
2026-07-19 06:00:00,64682.22,64736,64396.48,64426.7,448.21769973
2026-07-19 12:00:00,64426.7,64701.9,64238.08,64502.4,652.87225501
2026-07-19 18:00:00,64502.4,64855.93,64248,64681.78,790.30910863
2026-07-20 00:00:00,64681.79,65050.87,64025.31,64076.18,1807.52006255
2026-07-20 06:00:00,64076.18,65015.8,63702.01,64944.01,1584.94907182
2026-07-20 12:00:00,64944.01,65626.04,64010,65533.52,3248.14588675
2026-07-20 18:00:00,65533.52,65756.09,64986.6,65213.05,1718.98987852
2026-07-21 00:00:00,65213.05,65888,65106.79,65704.1,1033.24015492
2026-07-21 06:00:00,65704.11,66387.4,65589.09,66309.46,1431.36939941
2026-07-21 12:00:00,66309.46,66923.95,66018.97,66164,3131.55230539
2026-07-21 18:00:00,66170.42,66537.38,66051.7,66516.18,1687.93588063
2026-07-22 00:00:00,66516.17,66698.55,65893.45,65937.32,903.98131856
2026-07-22 06:00:00,65937.32,66113.98,65653.46,65972.5,1180.3027852
2026-07-22 12:00:00,65972.5,66373.57,65484,65993.8,2237.84371148
2026-07-22 18:00:00,65993.79,66113.99,65645.07,66086.61,1537.29208469
2026-07-23 00:00:00,66086.6,66287.74,65531.83,65660.2,731.00500095
2026-07-23 06:00:00,65660.78,65785.72,65312.36,65525.22,631.13825421
2026-07-23 12:00:00,65525.22,65558.01,64564.09,64611.92,3271.38073237
2026-07-23 18:00:00,64611.92,65178.42,64601.38,65051.23,2326.68741146
2026-07-24 00:00:00,65051.24,65420.94,64691.74,65268.43,1084.14889525
2026-07-24 06:00:00,65268.43,65762.78,64800,65021.19,857.70165228
2026-07-24 12:00:00,65023.96,65079.49,63641,64117.07,4079.89569471
2026-07-24 18:00:00,64117.07,64237.2,64054.04,64083.32,1305.7518941
2026-07-25 00:00:00,64083.31,64143.76,63913.33,63956.57,363.64567615
2026-07-25 06:00:00,63956.58,64048,63732,64005.73,588.62738228
2026-07-25 12:00:00,64005.73,64307.36,63964.65,64207.51,450.44513394
2026-07-25 18:00:00,64206.14,64387.43,64192.62,64295.61,777.75032968
2026-07-26 00:00:00,64295.61,64538,64288.71,64352.93,379.15177225
2026-07-26 06:00:00,64352.93,64518.04,64229.6,64450.48,304.78983677
2026-07-26 12:00:00,64450.47,64878,64353.01,64644.05,746.31185826
2026-07-26 18:00:00,64644.05,65511.36,64570.58,65341.07,960.31443468
2026-07-27 00:00:00,65341.07,65444,64837.98,65403.99,718.08603047
2026-07-27 06:00:00,65403.99,65705.08,65023.39,65040.33,798.6830011
2026-07-27 12:00:00,65040.32,65655.98,64342,64951.08,2129.50900218
2026-07-27 18:00:00,64951.08,65014.36,63545,63694.43,1423.17466543
2026-07-28 00:00:00,63693.44,63767.72,63006.14,63378.2,982.40172957
2026-07-28 06:00:00,63378.25,63592.53,63222.19,63393.51,775.50795025
2026-07-28 12:00:00,63393.5,64041.02,62645.39,63619.46,2646.46733943
2026-07-28 18:00:00,63619.47,63984.78,63469.62,63847.12,1827.80352478
2026-07-29 00:00:00,63847.12,64111.75,63500.63,63976.87,1262.71122766
2026-07-29 06:00:00,63976.87,64665.3,63937.08,64437,1504.27441495
2026-07-29 12:00:00,64436.99,64657.85,63532,64189.4,2912.41629662
2026-07-29 18:00:00,64191,64600,63194.45,63896.14,2413.30358371
2026-07-30 00:00:00,63896.14,64333.75,63502.91,63947.72,1535.36181116
2026-07-30 06:00:00,63947.73,64798.94,63855.16,64707.18,1492.78383507
2026-07-30 12:00:00,64707.18,65118.08,64535.87,64809.66,3396.85304614
2026-07-30 18:00:00,64809.66,65031.06,64601.44,64721.9,1600.8725779
2026-07-31 00:00:00,64721.9,65360,64104.87,64290.14,1509.24185387
2026-07-31 06:00:00,64290.13,64429.15,63541.53,63738.74,916.07095785
2026-07-31 12:00:00,63738.74,63767.47,62358.96,63177.96,4201.60826471
2026-07-31 18:00:00,63177.42,63237,62781.86,62825.9,1633.44982554
2026-08-01 00:00:00,62826.69,63075,62824.76,62965.77,476.04556909
2026-08-01 06:00:00,62965.77,63093,62908.66,63016.47,811.98100625
2026-08-01 12:00:00,63016.47,63068.96,62604.56,62652.58,808.32726183
2026-08-01 18:00:00,62652.58,62813.99,62209.81,62764.2,964.20020524
2026-08-02 00:00:00,62764.2,63569.21,62743.87,63396.19,907.61643212
2026-08-02 06:00:00,63396.19,63474,62921.09,62964.22,511.88605173
2026-08-02 12:00:00,62964.6,63272.52,62933.47,63227.93,901.27354853
2026-08-02 18:00:00,63227.94,63730.49,63210.04,63499.49,963.17120774
2026-08-03 00:00:00,63499.49,63522.18,62660.01,62743.54,761.55129333
2026-08-03 06:00:00,62743.53,62796.82,62210.14,62481.29,983.47809335
2026-08-03 12:00:00,62481.29,64000,62359.27,63852.75,3493.01034405
2026-08-03 18:00:00,63852.75,64032.43,63333.49,63466.51,1848.66355521
2026-08-04 00:00:00,63466.51,64188.16,63250,63768.85,970.17271502
2026-08-04 06:00:00,63768.85,63889.81,63382.32,63853.32,831.13395737
2026-08-04 12:00:00,63853.32,64200,63537,63922.37,2337.54163245
2026-08-04 18:00:00,63918.95,64497.24,63913.6,64050.51,2088.9260585
2026-08-05 00:00:00,64050.51,64480.49,63884.14,64275.22,1125.12469122
2026-08-05 06:00:00,64275.22,64319.4,63934.64,64018.29,657.1359185
2026-08-05 12:00:00,64018.29,64738.75,63814.8,64694.25,3175.09840515
2026-08-05 18:00:00,64694.25,64988.78,64515.9,64603.03,1974.9850348
2026-08-06 00:00:00,64603.02,64944.16,64383.41,64846.8,913.56173197
2026-08-06 06:00:00,64846.8,64935.72,64438.39,64552.62,705.8768546
2026-08-06 12:00:00,64552.37,64932.11,64087.41,64557.16,1785.60247215
2026-08-06 18:00:00,64557.15,64559.63,64130.09,64267.3,1115.39100283
2026-08-07 00:00:00,64267.3,64489,64099.35,64273.78,511.2364695
2026-08-07 06:00:00,64273.78,65167.1,64206.98,64975.63,936.34990621
2026-08-07 12:00:00,64975.64,65348.97,64470.01,64713.89,3028.58010308
2026-08-07 18:00:00,64713.89,65076.06,64623.1,64891.61,1705.31645334
2026-08-08 00:00:00,64891.6,65035.56,64789.89,64961,748.51153981
2026-08-08 06:00:00,64961.01,65018.54,64900,64922.84,375.83000604
2026-08-08 12:00:00,64921.87,65150.16,64880,65073.14,584.91535317
2026-08-08 18:00:00,65073.12,65083.15,64880.02,64908.72,785.00746537
2026-08-09 00:00:00,64908.71,64957.62,64675.22,64754.32,742.55710975
2026-08-09 06:00:00,64754.32,64957.16,64736.46,64898.63,622.34508871
2026-08-09 12:00:00,64898.44,65252.99,64863.16,65142,731.28826714
2026-08-09 18:00:00,65142,65426,64788.67,64848.69,948.02090025
2026-08-10 00:00:00,64848.68,65341.83,64772.66,65085.56,843.42472244
2026-08-10 06:00:00,65083.39,65319.27,64897.52,65069.45,848.20033582
2026-08-10 12:00:00,65069.45,65182.27,63750.01,63884.99,2798.83940826
2026-08-10 18:00:00,63884.98,64146.04,63733.03,63911.88,1706.56497875
2026-08-11 00:00:00,63911.88,64118.95,63816.65,63926.89,689.61461047
2026-08-11 06:00:00,63926.9,64347.56,63783.21,64327.17,550.69638075
2026-08-11 12:00:00,64327.18,64439.38,63376.82,63537.12,2998.8966968
2026-08-11 18:00:00,63537.12,63710.98,63158,63531.75,1781.08564331
2026-08-12 00:00:00,63531.75,63847.97,63457.04,63780.11,1046.7052914
2026-08-12 06:00:00,63780.11,64189.41,63531.76,64179.67,1278.31130581
2026-08-12 12:00:00,64179.67,64416.3,63240.38,63398.83,2862.77298471
2026-08-12 18:00:00,63398.82,63588.56,63235.88,63411.72,1382.2925767
2026-08-13 00:00:00,63411.71,63949.9,63300.06,63805.61,957.80480648
2026-08-13 06:00:00,63805.61,63882.93,63273.92,63414.9,681.76338549
2026-08-13 12:00:00,63414.9,63936.45,62772.84,63070.01,2160.00990014
2026-08-13 18:00:00,63070.02,63635.97,63032.32,63425.35,1320.08934576
2026-08-14 00:00:00,63425.35,63561.45,63205.51,63314.54,500.40224274
2026-08-14 06:00:00,63314.52,63314.52,62623.1,62800.6,828.49652104
2026-08-14 12:00:00,62800.59,63183.08,62468.21,62951.69,2019.40262756
2026-08-14 18:00:00,62951.69,63017.99,62726.14,62975.19,1768.56599001
2026-08-15 00:00:00,62975.18,63123.68,62923.67,63016.1,293.60737492
2026-08-15 06:00:00,63016.1,63068.2,62830.01,62949.22,251.49495769
2026-08-15 12:00:00,62949.22,63055,62876.67,63000.34,350.75637482
2026-08-15 18:00:00,63000.35,63107.34,62970.92,63018.75,337.71949968
2026-08-16 00:00:00,63018.75,63087.09,62938.16,62997.82,234.51720777
2026-08-16 06:00:00,62997.83,63016.54,62891.07,62945.33,214.1010139
2026-08-16 12:00:00,62945.33,63318.09,62921.17,63087.41,536.70261706
2026-08-16 18:00:00,63087.41,63164.3,62631.18,62836.66,808.87316362
2026-08-17 00:00:00,62836.67,63534.25,62679.42,63456.6,1025.15508207
2026-08-17 06:00:00,63456.6,63717.64,63213.82,63557.05,761.59982836
2026-08-17 12:00:00,63557.04,64390,63351.01,64276.81,2282.36372411
2026-08-17 18:00:00,64276.81,64588,64209.81,64484.18,2000.52784904
2026-08-18 00:00:00,64477.26,64506.96,63979.36,64169.46,966.74104562
2026-08-18 06:00:00,64169.46,64397.39,64027.41,64286.58,563.85870964
2026-08-18 12:00:00,64286.58,65020,63981,64629.56,2572.53443843
2026-08-18 18:00:00,64629.55,64790.91,64510.8,64681.33,996.44535362
2026-08-19 00:00:00,64681.33,64705.56,64176.44,64186.35,648.07803846
2026-08-19 06:00:00,64186.34,64488.7,64112.04,64459.1,569.52998224
2026-08-19 12:00:00,64459.11,69698,64417.14,68168.31,9621.98327851
2026-08-19 18:00:00,68168.3,70022.44,68010.01,69300.01,6078.24197863
2026-08-20 00:00:00,69300.01,69865.02,68853.22,69374.89,2657.61515898
2026-08-20 06:00:00,69374.89,72427.2,69300.84,71870.11,3581.21303475
2026-08-20 12:00:00,71870.67,72950,71065,72720.26,6353.12769998
2026-08-20 18:00:00,72715.34,73391.43,72303.97,73011.87,3563.0873341
2026-08-21 00:00:00,73010.86,75750,73004.7,75438.09,3719.30435347
2026-08-21 06:00:00,75438.09,79500,75063.6,76709.62,6107.69974032
2026-08-21 12:00:00,76709.63,77860.39,76202.06,77375,6639.14873342
2026-08-21 18:00:00,77376.05,78750,76594.11,78325.54,3779.01631125
2026-08-22 00:00:00,78325.54,78828.37,76471.7,77369.81,2247.13436774
2026-08-22 06:00:00,77369.81,77666.4,76522.25,77120.87,1171.3310872
2026-08-22 12:00:00,77120.86,77559.46,76868,77270.52,1050.06263411
2026-08-22 18:00:00,77270.52,77476.25,76767.01,77054.44,931.67275106
2026-08-23 00:00:00,77054.44,77408.73,75538.12,76048.57,1256.53444358
2026-08-23 06:00:00,76048.57,77382,75869.02,77288.16,856.53165966
2026-08-23 12:00:00,77288.16,77747,76778.19,77167.83,1071.96361227
2026-08-23 18:00:00,77167.83,78055.25,77100,77729.36,1415.64479624
2026-08-24 00:00:00,77729.36,77748.46,76652,77159.59,1507.42581383
2026-08-24 06:00:00,77159.59,78589,76813.5,78430.25,1784.56258729
2026-08-24 12:00:00,78430.25,79999.99,77828.35,78754.8,6065.66785205
2026-08-24 18:00:00,78754.8,79115.96,78544.76,78981.59,1858.95521289
2026-08-25 00:00:00,78981.59,81265.3,78708.32,80702,2920.6524561
2026-08-25 06:00:00,80702,80891.43,78849.5,79119.22,1897.69765652
2026-08-25 12:00:00,79117.64,79575,78100,79236.99,3554.83222422
2026-08-25 18:00:00,79237,79390.08,77832,78526.8,2447.58880505
2026-08-26 00:00:00,78526.79,79239.09,78301,79079.25,938.51289896
2026-08-26 06:00:00,79079.25,79199.99,78239.1,78467.42,752.94561659
2026-08-26 12:00:00,78467.42,78693.17,77601.02,78446.15,2733.15271831
2026-08-26 18:00:00,78446.15,79178.91,78200,79026.18,2072.86014893
2026-08-27 00:00:00,79026.18,79026.18,78551.99,78897.3,876.16974665
2026-08-27 06:00:00,78895.34,80529.99,78589.97,79476.34,1354.15008622
2026-08-27 12:00:00,79476.34,80835.82,78910.99,80445.13,5133.05494748
2026-08-27 18:00:00,80445.13,80454.36,79759.51,80275.34,2236.32698049
2026-08-28 00:00:00,80275.35,81479.5,79559.95,79693.73,2777.57789734
2026-08-28 06:00:00,79693.73,80000,79007.22,79606.02,856.04508652
2026-08-28 12:00:00,79606.02,79865.53,76845.71,77901.24,5815.21791615
2026-08-28 18:00:00,77901.23,77934,77260,77738.83,898.5914561
